pcode,state,capital,lat,lon,mpi,mpi_rank,headcount_ratio_pct,intensity_pct,vulnerable_pct,severe_pct,quadrant,contrib_health_pct,contrib_education_pct,contrib_living_standards_pct,population_thousands,mpi_poor_thousands,mpi_poor_rank,events,fatalities,events_per_100k,fatalities_per_100k,conflict_exposure_index,temp_mean_c,precip_total_mm,temp_anomaly_c,precip_anomaly_pct,baseline_temp_c,baseline_precip_mm,n_indicators,indicators_missing,survey,survey_year
NG-AB,Abia,Umuahia,5.5249,7.4946,0.0419,28,9.4,44.63,10.52,3.35,"Low incidence, Low intensity",57.72,9.27,33.01,4373.0,410.9,29,4,3.0,0.091,0.069,1.21,26.3,1817.7,0.7,-9.6,25.61,2011.6,9,Nutrition,MICS,2021
NG-AD,Adamawa,Yola,9.2084,12.4815,0.182,15,39.1,46.55,31.19,15.21,"High incidence, High intensity",11.8,30.5,57.7,5162.7,2018.5,15,5,44.0,0.097,0.852,2.5,29.26,511.3,0.23,-13.0,29.03,588.0,9,Nutrition,MICS,2021
NG-AK,Akwa Ibom,Uyo,5.0513,7.9335,0.0446,27,9.81,45.43,24.32,3.61,"Low incidence, Low intensity",33.5,14.89,51.61,5231.0,513.0,26,7,24.0,0.134,0.459,2.33,25.85,2588.5,0.07,-10.2,25.78,2882.6,9,Nutrition,MICS,2021
NG-AN,Anambra,Awka,6.2127,7.0720,0.0089,36,2.04,43.31,13.76,0.55,"Low incidence, Low intensity",50.46,13.82,35.72,6303.6,128.9,37,15,26.0,0.238,0.412,3.51,27.21,1482.1,0.56,-0.7,26.64,1492.0,9,Nutrition,MICS,2021
NG-BA,Bauchi,Bauchi,10.3103,9.8439,0.4411,1,75.36,58.54,12.44,50.75,"High incidence, High intensity",15.53,41.42,43.05,8805.6,6635.6,3,0,0.0,0.0,0.0,0.0,25.99,710.0,1.0,-32.5,25.0,1052.3,9,Nutrition,MICS,2021
NG-BE,Benue,Makurdi,7.7337,8.5214,0.1156,17,27.02,42.79,35.03,7.65,"High incidence, Low intensity",8.81,27.23,63.96,6519.8,1761.7,16,28,222.0,0.429,3.405,10.49,28.2,825.4,0.13,-10.0,28.08,916.9,9,Nutrition,MICS,2021
NG-BO,Borno,Maiduguri,11.8469,13.1571,0.2922,9,53.89,54.23,23.39,31.15,"High incidence, High intensity",19.39,43.79,36.82,6335.9,3414.2,8,263,2027.0,4.151,31.992,100.0,27.89,302.5,-0.03,-31.8,27.92,443.8,9,Nutrition,MICS,2021
NG-BY,Bayelsa,Yenagoa,4.9268,6.2676,0.0644,22,13.97,46.08,23.55,5.98,"Low incidence, High intensity",32.17,11.48,56.35,2600.7,363.2,30,0,0.0,0.0,0.0,0.0,26.22,2801.6,0.15,0.5,26.07,2788.9,9,Nutrition,MICS,2021
NG-CR,Cross River,Calabar,4.9589,8.3270,0.0775,21,19.09,40.61,34.71,3.94,"Low incidence, Low intensity",15.32,15.65,69.04,4674.3,892.1,20,0,0.0,0.0,0.0,0.0,26.23,2655.1,0.54,-15.0,25.68,3123.8,9,Nutrition,MICS,2021
NG-DE,Delta,Asaba,6.1982,6.7319,0.0507,26,11.78,43.07,17.04,3.09,"Low incidence, Low intensity",42.5,16.91,40.59,5906.3,695.9,23,1,0.0,0.017,0.0,0.2,27.14,1648.1,0.4,31.1,26.75,1257.3,9,Nutrition,MICS,2021
NG-EB,Ebonyi,Abakaliki,6.3248,8.1137,0.0341,32,8.02,42.45,12.77,1.06,"Low incidence, Low intensity",21.41,24.69,53.89,3446.7,276.5,34,13,92.0,0.377,2.669,8.71,27.6,1300.3,0.25,-14.5,27.35,1521.4,9,Nutrition,MICS,2021
NG-ED,Edo,Benin City,6.3381,5.6258,0.0358,30,8.32,43.01,6.33,1.7,"Low incidence, Low intensity",40.52,22.73,36.75,5027.9,418.1,28,0,0.0,0.0,0.0,0.0,26.13,1658.2,0.55,-23.7,25.58,2174.2,9,Nutrition,MICS,2021
NG-EK,Ekiti,Ado-Ekiti,7.6233,5.2209,0.0532,25,12.47,42.61,21.64,3.53,"Low incidence, Low intensity",32.22,21.29,46.49,3778.0,471.3,27,1,6.0,0.026,0.159,0.57,25.51,945.2,0.62,-29.6,24.89,1341.9,9,Nutrition,MICS,2021
NG-EN,Enugu,Enugu,6.4413,7.4988,0.03,34,6.88,43.61,12.59,2.38,"Low incidence, Low intensity",48.25,10.9,40.86,4993.9,343.7,32,10,18.0,0.2,0.36,2.98,26.88,1365.2,0.25,-15.4,26.64,1613.6,9,Nutrition,MICS,2021
NG-FC,FCT,Abuja,9.0579,7.4951,0.0414,29,10.18,40.64,12.72,2.01,"Low incidence, Low intensity",26.01,35.97,38.03,3218.2,327.5,33,0,0.0,0.0,0.0,0.0,26.25,761.6,-0.19,-44.7,26.44,1377.4,9,Nutrition,MICS,2021
NG-GO,Gombe,Gombe,10.2897,11.1673,0.3345,7,61.34,54.53,18.2,40.17,"High incidence, High intensity",11.69,43.84,44.46,4174.4,2560.6,11,7,39.0,0.168,0.934,3.48,27.22,508.2,0.24,17.9,26.98,431.2,9,Nutrition,MICS,2021
NG-IM,Imo,Owerri,5.4836,7.0332,0.0183,35,4.61,39.65,7.72,0.29,"Low incidence, Low intensity",60.31,10.44,29.25,5818.5,268.4,35,29,81.0,0.498,1.392,8.18,26.16,2117.8,0.33,-9.4,25.84,2337.4,9,Nutrition,MICS,2021
NG-JI,Jigawa,Dutse,11.7562,9.3390,0.4377,2,74.78,58.53,14.43,51.98,"High incidence, High intensity",20.24,37.54,42.22,7754.2,5798.4,4,0,0.0,0.0,0.0,0.0,26.5,355.8,-0.22,-41.2,26.73,604.7,9,Nutrition,MICS,2021
NG-KD,Kaduna,Kaduna,10.5264,7.4388,0.1671,16,34.09,49.0,16.43,14.7,"High incidence, High intensity",30.97,25.76,43.27,9429.9,3215.1,9,8,37.0,0.085,0.392,1.64,25.24,600.5,0.31,-35.6,24.93,932.3,9,Nutrition,MICS,2021
NG-KE,Kebbi,Birnin Kebbi,12.4539,4.1975,0.4373,3,73.79,59.26,9.81,52.75,"High incidence, High intensity",18.44,40.7,40.85,5899.0,4352.7,7,0,0.0,0.0,0.0,0.0,28.66,302.7,-0.37,-33.7,29.03,456.6,9,Nutrition,MICS,2021
NG-KN,Kano,Kano,12.0001,8.5167,0.2497,11,45.06,55.41,14.51,26.73,"High incidence, High intensity",24.49,33.2,42.32,16308.9,7349.0,1,0,0.0,0.0,0.0,0.0,26.18,367.3,0.08,-42.0,26.11,633.8,9,Nutrition,MICS,2021
NG-KO,Kogi,Lokoja,7.7969,6.7405,0.0638,23,14.02,45.49,23.31,5.68,"Low incidence, Low intensity",24.33,24.41,51.26,4718.3,661.6,24,0,0.0,0.0,0.0,0.0,28.34,620.3,0.07,-24.4,28.26,820.7,9,Nutrition,MICS,2021
NG-KT,Katsina,Katsina,12.9908,7.6018,0.3331,8,61.13,54.49,17.5,35.19,"High incidence, High intensity",21.22,33.29,45.48,10933.0,6683.6,2,0,0.0,0.0,0.0,0.0,26.42,319.2,-0.11,-24.3,26.53,421.8,9,Nutrition,MICS,2021
NG-KW,Kwara,Ilorin,8.4966,4.5421,0.0962,18,20.16,47.75,14.8,8.14,"High incidence, High intensity",13.99,40.19,45.82,3750.3,755.9,22,3,9.0,0.08,0.24,1.34,27.23,438.5,0.66,-44.5,26.57,789.4,9,Nutrition,MICS,2021
NG-LA,Lagos,Ikeja,6.5965,3.3420,0.0044,37,1.11,39.45,1.53,0.21,"Low incidence, Low intensity",70.45,18.65,10.91,14321.5,158.3,36,9,15.0,0.063,0.105,0.92,26.77,1414.5,0.5,-6.0,26.27,1504.1,9,Nutrition,MICS,2021
NG-NA,Nasarawa,Lafia,8.4939,8.5153,0.1888,14,40.58,46.51,23.99,15.71,"High incidence, High intensity",13.36,32.87,53.77,3064.1,1243.5,19,9,74.0,0.294,2.415,7.31,28.08,732.7,0.17,-26.3,27.9,993.7,9,Nutrition,MICS,2021
NG-NI,Niger,Minna,9.6152,6.5478,0.2191,12,44.56,49.17,17.76,22.79,"High incidence, High intensity",10.8,45.38,43.82,7177.6,3198.3,10,1,2.0,0.014,0.028,0.21,28.05,563.1,0.3,-48.0,27.75,1083.9,9,Nutrition,MICS,2021
NG-OG,Ogun,Abeokuta,7.1557,3.3451,0.0918,19,19.95,46.03,23.53,6.94,"High incidence, High intensity",25.68,23.56,50.76,6780.4,1352.6,18,6,14.0,0.088,0.206,1.39,27.3,788.6,0.69,-30.5,26.61,1134.8,9,Nutrition,MICS,2021
NG-ON,Ondo,Akure,7.2526,5.1931,0.0637,24,14.45,44.07,32.4,4.21,"Low incidence, Low intensity",23.37,23.67,52.96,5586.8,807.2,21,3,12.0,0.054,0.215,0.98,25.6,1057.1,0.56,-31.6,25.04,1546.5,9,Nutrition,MICS,2021
NG-OS,Osun,Osogbo,7.7710,4.5570,0.0315,33,7.52,41.84,13.0,1.65,"Low incidence, Low intensity",16.1,32.97,50.93,4703.3,353.7,31,6,7.0,0.128,0.149,1.77,26.21,875.8,0.81,-28.4,25.41,1223.0,9,Nutrition,MICS,2021
NG-OY,Oyo,Ibadan,7.3776,3.9059,0.0809,20,17.38,46.54,11.01,6.31,"Low incidence, High intensity",15.44,32.89,51.66,8202.6,1425.3,17,7,27.0,0.085,0.329,1.54,26.38,1119.5,0.49,-17.2,25.89,1352.2,9,Nutrition,MICS,2021
NG-PL,Plateau,Jos,9.9285,8.8921,0.1945,13,42.47,45.8,30.44,16.26,"High incidence, Low intensity",17.3,23.56,59.14,4901.2,2081.4,14,24,98.0,0.49,1.999,9.02,22.7,766.3,0.49,-35.2,22.21,1182.5,9,Nutrition,MICS,2021
NG-RI,Rivers,Port Harcourt,4.7774,7.0134,0.0351,31,8.39,41.86,10.67,1.38,"Low incidence, Low intensity",49.94,12.69,37.37,7479.1,627.5,25,4,17.0,0.053,0.227,1.0,26.36,2634.7,0.41,1.8,25.95,2588.4,9,Nutrition,MICS,2021
NG-SO,Sokoto,Sokoto,13.0627,5.2432,0.4372,4,70.74,61.8,11.95,51.4,"High incidence, High intensity",21.02,36.14,42.83,6707.4,4744.8,5,6,37.0,0.089,0.552,1.94,28.68,158.1,-0.11,-58.6,28.79,382.3,9,Nutrition,MICS,2021
NG-TA,Taraba,Jalingo,8.8937,11.3596,0.2702,10,56.7,47.65,26.02,25.43,"High incidence, High intensity",12.56,31.73,55.71,3817.0,2164.4,13,14,68.0,0.367,1.781,7.2,28.01,660.4,0.11,11.7,27.9,591.0,9,Nutrition,MICS,2021
NG-YO,Yobe,Damaturu,11.7470,11.9608,0.3428,6,63.02,54.39,17.58,43.56,"High incidence, High intensity",6.08,47.46,46.45,3869.5,2438.7,12,29,151.0,0.749,3.902,15.13,27.89,386.9,0.44,-9.1,27.45,425.6,9,Nutrition,MICS,2021
NG-ZA,Zamfara,Gusau,12.1702,6.6641,0.3913,5,71.87,54.44,10.67,44.74,"High incidence, High intensity",14.44,44.2,41.36,6108.2,4389.9,6,3,21.0,0.049,0.344,1.13,26.39,285.4,-0.19,-48.4,26.58,552.7,9,Nutrition,MICS,2021
