pcode,state,survey_year,survey,mpi,headcount_ratio_pct,intensity_pct,events,fatalities,events_per_100k,fatalities_per_100k,conflict_exposure_index,temp_mean_c,temp_anomaly_c,precip_anomaly_pct
NG-AB,Abia,2013,DHS,0.0675,15.23,44.29,0,0.0,0.0,0.0,0.0,25.37,-0.24,6.1
NG-AB,Abia,2016,MICS,0.0346,8.03,43.03,3,15.0,0.069,0.343,1.12,26.02,0.41,17.2
NG-AB,Abia,2018,DHS,0.0285,7.11,40.02,0,0.0,0.0,0.0,0.0,26.06,0.45,-12.1
NG-AB,Abia,2021,MICS,0.0419,9.4,44.63,4,3.0,0.091,0.069,1.21,26.3,0.7,-9.6
NG-AD,Adamawa,2013,DHS,0.1885,37.23,50.63,12,48.0,0.232,0.93,5.85,29.22,0.19,-8.1
NG-AD,Adamawa,2016,MICS,0.2459,48.43,50.77,12,153.0,0.232,2.964,5.77,29.48,0.46,-5.5
NG-AD,Adamawa,2018,DHS,0.2728,51.79,52.67,34,230.0,0.659,4.455,18.16,29.31,0.29,-15.6
NG-AD,Adamawa,2021,MICS,0.182,39.1,46.55,5,44.0,0.097,0.852,2.5,29.26,0.23,-13.0
NG-AK,Akwa Ibom,2013,DHS,0.0572,13.27,43.13,0,0.0,0.0,0.0,0.0,25.65,-0.12,10.2
NG-AK,Akwa Ibom,2016,MICS,0.0515,11.62,44.36,2,8.0,0.038,0.153,0.58,26.28,0.5,19.2
NG-AK,Akwa Ibom,2018,DHS,0.0611,13.77,44.37,0,0.0,0.0,0.0,0.0,25.62,-0.16,-12.6
NG-AK,Akwa Ibom,2021,MICS,0.0446,9.81,45.43,7,24.0,0.134,0.459,2.33,25.85,0.07,-10.2
NG-AN,Anambra,2013,DHS,0.0484,10.63,45.57,0,0.0,0.0,0.0,0.0,26.42,-0.22,11.1
NG-AN,Anambra,2016,MICS,0.0341,7.85,43.48,3,27.0,0.048,0.428,0.99,27.09,0.45,3.6
NG-AN,Anambra,2018,DHS,0.0291,6.54,44.46,4,19.0,0.063,0.301,1.47,26.88,0.23,7.2
NG-AN,Anambra,2021,MICS,0.0089,2.04,43.31,15,26.0,0.238,0.412,3.51,27.21,0.56,-0.7
NG-BA,Bauchi,2013,DHS,0.4763,74.5,63.92,3,1.0,0.034,0.011,0.67,25.29,0.29,9.5
NG-BA,Bauchi,2016,MICS,0.4161,72.97,57.03,0,0.0,0.0,0.0,0.0,25.37,0.38,-4.8
NG-BA,Bauchi,2018,DHS,0.375,65.87,56.93,0,0.0,0.0,0.0,0.0,25.45,0.46,-42.3
NG-BA,Bauchi,2021,MICS,0.4411,75.36,58.54,0,0.0,0.0,0.0,0.0,25.99,1.0,-32.5
NG-BE,Benue,2013,DHS,0.2089,44.44,47.01,30,289.0,0.46,4.433,15.46,28.18,0.1,-14.5
NG-BE,Benue,2016,MICS,0.1289,28.14,45.81,31,304.0,0.475,4.663,10.28,28.29,0.21,26.6
NG-BE,Benue,2018,DHS,0.1072,24.14,44.4,69,385.0,1.058,5.905,26.43,28.14,0.06,-14.1
NG-BE,Benue,2021,MICS,0.1156,27.02,42.79,28,222.0,0.429,3.405,10.49,28.2,0.13,-10.0
NG-BO,Borno,2013,DHS,0.3514,66.5,52.85,165,2119.0,2.604,33.444,100.0,28.42,0.5,-3.3
NG-BO,Borno,2016,MICS,0.1786,37.23,47.99,290,2905.0,4.577,45.85,100.0,28.22,0.3,3.7
NG-BO,Borno,2018,DHS,0.2521,48.53,51.96,249,1443.0,3.93,22.775,100.0,27.67,-0.25,0.1
NG-BO,Borno,2021,MICS,0.2922,53.89,54.23,263,2027.0,4.151,31.992,100.0,27.89,-0.03,-31.8
NG-BY,Bayelsa,2013,DHS,0.0655,15.18,43.17,0,0.0,0.0,0.0,0.0,25.93,-0.14,6.4
NG-BY,Bayelsa,2016,MICS,0.085,18.51,45.9,2,8.0,0.077,0.308,1.18,26.55,0.49,19.6
NG-BY,Bayelsa,2018,DHS,0.0472,11.36,41.5,0,0.0,0.0,0.0,0.0,26.06,-0.0,-12.5
NG-BY,Bayelsa,2021,MICS,0.0644,13.97,46.08,0,0.0,0.0,0.0,0.0,26.22,0.15,0.5
NG-CR,Cross River,2013,DHS,0.0888,20.16,44.07,1,5.0,0.021,0.107,0.57,25.51,-0.17,11.5
NG-CR,Cross River,2016,MICS,0.0765,17.92,42.72,0,0.0,0.0,0.0,0.0,26.04,0.36,20.4
NG-CR,Cross River,2018,DHS,0.0644,14.89,43.28,2,2.0,0.043,0.043,0.64,26.0,0.32,-17.8
NG-CR,Cross River,2021,MICS,0.0775,19.09,40.61,0,0.0,0.0,0.0,0.0,26.23,0.54,-15.0
NG-DE,Delta,2013,DHS,0.0692,15.49,44.66,1,1.0,0.017,0.017,0.35,26.6,-0.15,8.9
NG-DE,Delta,2016,MICS,0.0398,9.27,42.97,5,41.0,0.085,0.694,1.68,27.18,0.43,2.5
NG-DE,Delta,2018,DHS,0.0377,9.12,41.31,0,0.0,0.0,0.0,0.0,26.77,0.02,36.2
NG-DE,Delta,2021,MICS,0.0507,11.78,43.07,1,0.0,0.017,0.0,0.2,27.14,0.4,31.1
NG-EB,Ebonyi,2013,DHS,0.1679,34.63,48.47,0,0.0,0.0,0.0,0.0,27.25,-0.1,-0.6
NG-EB,Ebonyi,2016,MICS,0.1142,26.41,43.23,0,0.0,0.0,0.0,0.0,27.77,0.41,16.2
NG-EB,Ebonyi,2018,DHS,0.1026,21.36,48.06,3,15.0,0.087,0.435,2.06,27.23,-0.12,4.9
NG-EB,Ebonyi,2021,MICS,0.0341,8.02,42.45,13,92.0,0.377,2.669,8.71,27.6,0.25,-14.5
NG-ED,Edo,2013,DHS,0.0457,11.0,41.59,2,22.0,0.04,0.438,1.42,25.46,-0.13,-1.8
NG-ED,Edo,2016,MICS,0.0128,3.35,38.08,6,18.0,0.119,0.358,1.69,26.07,0.49,7.5
NG-ED,Edo,2018,DHS,0.0496,10.74,46.14,0,0.0,0.0,0.0,0.0,25.84,0.26,-15.5
NG-ED,Edo,2021,MICS,0.0358,8.32,43.01,0,0.0,0.0,0.0,0.0,26.13,0.55,-23.7
NG-EK,Ekiti,2013,DHS,0.0272,6.48,41.96,0,0.0,0.0,0.0,0.0,24.77,-0.12,-15.0
NG-EK,Ekiti,2016,MICS,0.0395,9.34,42.29,0,0.0,0.0,0.0,0.0,25.38,0.5,9.9
NG-EK,Ekiti,2018,DHS,0.0646,15.17,42.61,2,2.0,0.053,0.053,0.79,25.04,0.15,-7.6
NG-EK,Ekiti,2021,MICS,0.0532,12.47,42.61,1,6.0,0.026,0.159,0.57,25.51,0.62,-29.6
NG-EN,Enugu,2013,DHS,0.0843,18.47,45.61,0,0.0,0.0,0.0,0.0,26.52,-0.12,2.2
NG-EN,Enugu,2016,MICS,0.0305,7.61,40.02,7,20.0,0.14,0.4,1.97,27.07,0.44,6.4
NG-EN,Enugu,2018,DHS,0.0538,11.71,45.92,0,0.0,0.0,0.0,0.0,26.55,-0.09,-2.1
NG-EN,Enugu,2021,MICS,0.03,6.88,43.61,10,18.0,0.2,0.36,2.98,26.88,0.25,-15.4
NG-FC,FCT,2013,DHS,0.085,18.29,46.48,0,0.0,0.0,0.0,0.0,26.55,0.1,6.6
NG-FC,FCT,2016,MICS,0.0892,18.59,47.98,0,0.0,0.0,0.0,0.0,26.84,0.4,10.0
NG-FC,FCT,2018,DHS,0.0859,18.51,46.42,2,40.0,0.062,1.243,3.52,25.93,-0.51,-14.9
NG-FC,FCT,2021,MICS,0.0414,10.18,40.64,0,0.0,0.0,0.0,0.0,26.25,-0.19,-44.7
NG-GO,Gombe,2013,DHS,0.3635,65.29,55.68,4,16.0,0.096,0.383,2.41,27.18,0.2,-4.8
NG-GO,Gombe,2016,MICS,0.3746,67.52,55.49,1,32.0,0.024,0.767,1.1,27.42,0.44,-10.1
NG-GO,Gombe,2018,DHS,0.4176,71.81,58.15,1,1.0,0.024,0.024,0.36,26.94,-0.04,11.8
NG-GO,Gombe,2021,MICS,0.3345,61.34,54.53,7,39.0,0.168,0.934,3.48,27.22,0.24,17.9
NG-IM,Imo,2013,DHS,0.0588,13.01,45.17,0,0.0,0.0,0.0,0.0,25.63,-0.21,6.6
NG-IM,Imo,2016,MICS,0.036,8.5,42.41,3,10.0,0.052,0.172,0.75,26.36,0.52,11.0
NG-IM,Imo,2018,DHS,0.0496,11.47,43.25,0,0.0,0.0,0.0,0.0,25.87,0.04,2.6
NG-IM,Imo,2021,MICS,0.0183,4.61,39.65,29,81.0,0.498,1.392,8.18,26.16,0.33,-9.4
NG-JI,Jigawa,2013,DHS,0.4382,76.58,57.22,1,3.0,0.013,0.039,0.31,27.22,0.5,-7.8
NG-JI,Jigawa,2016,MICS,0.42,73.6,57.07,0,0.0,0.0,0.0,0.0,27.27,0.54,-8.3
NG-JI,Jigawa,2018,DHS,0.3837,67.06,57.21,0,0.0,0.0,0.0,0.0,26.66,-0.07,-11.7
NG-JI,Jigawa,2021,MICS,0.4377,74.78,58.53,0,0.0,0.0,0.0,0.0,26.5,-0.22,-41.2
NG-KD,Kaduna,2013,DHS,0.2161,41.59,51.97,10,55.0,0.106,0.583,2.91,24.91,-0.01,-2.1
NG-KD,Kaduna,2016,MICS,0.188,39.07,48.12,10,125.0,0.106,1.326,2.6,25.23,0.3,11.7
NG-KD,Kaduna,2018,DHS,0.2569,46.8,54.9,7,82.0,0.074,0.87,2.85,24.93,0.0,-9.8
NG-KD,Kaduna,2021,MICS,0.1671,34.09,49.0,8,37.0,0.085,0.392,1.64,25.24,0.31,-35.6
NG-KE,Kebbi,2013,DHS,0.449,78.24,57.38,0,0.0,0.0,0.0,0.0,29.35,0.32,8.6
NG-KE,Kebbi,2016,MICS,0.3577,65.04,55.01,0,0.0,0.0,0.0,0.0,29.46,0.44,10.8
NG-KE,Kebbi,2018,DHS,0.5087,80.88,62.9,0,0.0,0.0,0.0,0.0,28.5,-0.53,25.0
NG-KE,Kebbi,2021,MICS,0.4373,73.79,59.26,0,0.0,0.0,0.0,0.0,28.66,-0.37,-33.7
NG-KN,Kano,2013,DHS,0.283,53.83,52.57,17,77.0,0.104,0.472,2.71,26.42,0.32,-1.4
NG-KN,Kano,2016,MICS,0.288,53.43,53.91,1,1.0,0.006,0.006,0.07,26.67,0.57,-6.8
NG-KN,Kano,2018,DHS,0.2818,51.38,54.85,0,0.0,0.0,0.0,0.0,26.02,-0.09,-17.5
NG-KN,Kano,2021,MICS,0.2497,45.06,55.41,0,0.0,0.0,0.0,0.0,26.18,0.08,-42.0
NG-KO,Kogi,2013,DHS,0.0755,17.22,43.86,2,2.0,0.042,0.042,0.88,28.3,0.03,-0.9
NG-KO,Kogi,2016,MICS,0.08,17.99,44.45,1,2.0,0.021,0.042,0.28,28.62,0.36,-3.3
NG-KO,Kogi,2018,DHS,0.1227,25.01,49.08,5,38.0,0.106,0.805,3.12,28.11,-0.15,-0.8
NG-KO,Kogi,2021,MICS,0.0638,14.02,45.49,0,0.0,0.0,0.0,0.0,28.34,0.07,-24.4
NG-KT,Katsina,2013,DHS,0.4163,70.58,58.99,1,0.0,0.009,0.0,0.18,27.08,0.55,1.7
NG-KT,Katsina,2016,MICS,0.3471,63.83,54.37,0,0.0,0.0,0.0,0.0,27.22,0.69,17.7
NG-KT,Katsina,2018,DHS,0.31,56.98,54.41,0,0.0,0.0,0.0,0.0,26.06,-0.47,-1.7
NG-KT,Katsina,2021,MICS,0.3331,61.13,54.49,0,0.0,0.0,0.0,0.0,26.42,-0.11,-24.3
NG-KW,Kwara,2013,DHS,0.0666,15.41,43.23,2,4.0,0.053,0.107,1.18,26.84,0.26,-15.1
NG-KW,Kwara,2016,MICS,0.1104,23.59,46.8,0,0.0,0.0,0.0,0.0,26.85,0.28,32.9
NG-KW,Kwara,2018,DHS,0.1817,33.71,53.91,2,5.0,0.053,0.133,0.97,26.6,0.03,7.3
NG-KW,Kwara,2021,MICS,0.0962,20.16,47.75,3,9.0,0.08,0.24,1.34,27.23,0.66,-44.5
NG-LA,Lagos,2013,DHS,0.0234,5.65,41.36,11,19.0,0.077,0.133,1.67,26.26,-0.02,-21.8
NG-LA,Lagos,2016,MICS,0.0155,3.93,39.41,10,35.0,0.07,0.244,1.03,26.62,0.35,3.2
NG-LA,Lagos,2018,DHS,0.0174,4.5,38.61,5,7.0,0.035,0.049,0.55,26.52,0.24,2.3
NG-LA,Lagos,2021,MICS,0.0044,1.11,39.45,9,15.0,0.063,0.105,0.92,26.77,0.5,-6.0
NG-NA,Nasarawa,2013,DHS,0.1724,37.48,45.99,16,142.0,0.522,4.634,16.95,28.04,0.14,-1.7
NG-NA,Nasarawa,2016,MICS,0.1951,38.94,50.12,4,34.0,0.131,1.11,2.64,28.08,0.18,16.0
NG-NA,Nasarawa,2018,DHS,0.1127,23.66,47.64,31,167.0,1.012,5.45,24.84,27.88,-0.03,-11.2
NG-NA,Nasarawa,2021,MICS,0.1888,40.58,46.51,9,74.0,0.294,2.415,7.31,28.08,0.17,-26.3
NG-NI,Niger,2013,DHS,0.2577,49.54,52.01,0,0.0,0.0,0.0,0.0,27.84,0.1,-8.9
NG-NI,Niger,2016,MICS,0.286,53.18,53.78,2,4.0,0.028,0.056,0.37,28.19,0.44,8.9
NG-NI,Niger,2018,DHS,0.3137,58.33,53.78,0,0.0,0.0,0.0,0.0,27.61,-0.14,-11.6
NG-NI,Niger,2021,MICS,0.2191,44.56,49.17,1,2.0,0.014,0.028,0.21,28.05,0.3,-48.0
NG-OG,Ogun,2013,DHS,0.0764,17.5,43.65,0,0.0,0.0,0.0,0.0,26.72,0.11,-21.9
NG-OG,Ogun,2016,MICS,0.048,10.84,44.29,5,15.0,0.074,0.221,1.05,27.09,0.48,20.6
NG-OG,Ogun,2018,DHS,0.0289,7.33,39.42,2,5.0,0.029,0.074,0.54,26.63,0.02,6.6
NG-OG,Ogun,2021,MICS,0.0918,19.95,46.03,6,14.0,0.088,0.206,1.39,27.3,0.69,-30.5
NG-ON,Ondo,2013,DHS,0.0912,20.3,44.9,0,0.0,0.0,0.0,0.0,24.94,-0.1,-12.7
NG-ON,Ondo,2016,MICS,0.066,14.93,44.21,0,0.0,0.0,0.0,0.0,25.52,0.48,6.8
NG-ON,Ondo,2018,DHS,0.0503,11.47,43.85,2,1.0,0.036,0.018,0.49,25.13,0.09,-11.8
NG-ON,Ondo,2021,MICS,0.0637,14.45,44.07,3,12.0,0.054,0.215,0.98,25.6,0.56,-31.6
NG-OS,Osun,2013,DHS,0.0276,6.52,42.31,0,0.0,0.0,0.0,0.0,25.32,-0.08,-11.4
NG-OS,Osun,2016,MICS,0.0448,10.96,40.87,0,0.0,0.0,0.0,0.0,25.87,0.46,23.1
NG-OS,Osun,2018,DHS,0.0542,13.26,40.87,1,1.0,0.021,0.021,0.32,25.62,0.21,-0.4
NG-OS,Osun,2021,MICS,0.0315,7.52,41.84,6,7.0,0.128,0.149,1.77,26.21,0.81,-28.4
NG-OY,Oyo,2013,DHS,0.1126,22.41,50.22,0,0.0,0.0,0.0,0.0,25.93,0.05,-16.4
NG-OY,Oyo,2016,MICS,0.0981,19.68,49.87,1,3.0,0.012,0.037,0.17,26.38,0.49,25.1
NG-OY,Oyo,2018,DHS,0.0533,11.58,46.04,3,15.0,0.037,0.183,0.87,25.76,-0.13,13.9
NG-OY,Oyo,2021,MICS,0.0809,17.38,46.54,7,27.0,0.085,0.329,1.54,26.38,0.49,-17.2
NG-PL,Plateau,2013,DHS,0.2251,46.47,48.43,24,195.0,0.49,3.979,15.35,22.46,0.26,10.5
NG-PL,Plateau,2016,MICS,0.1805,36.55,49.38,1,4.0,0.02,0.082,0.31,22.63,0.43,-12.4
NG-PL,Plateau,2018,DHS,0.1571,31.19,50.37,65,436.0,1.326,8.896,36.4,22.06,-0.14,-13.8
NG-PL,Plateau,2021,MICS,0.1945,42.47,45.8,24,98.0,0.49,1.999,9.02,22.7,0.49,-35.2
NG-RI,Rivers,2013,DHS,0.063,14.79,42.61,4,19.0,0.053,0.254,1.41,25.79,-0.16,6.3
NG-RI,Rivers,2016,MICS,0.028,6.57,42.69,16,64.0,0.214,0.856,3.27,26.38,0.42,9.2
NG-RI,Rivers,2018,DHS,0.0347,8.24,42.09,2,2.0,0.027,0.027,0.4,26.24,0.28,-0.6
NG-RI,Rivers,2021,MICS,0.0351,8.39,41.86,4,17.0,0.053,0.227,1.0,26.36,0.41,1.8
NG-SO,Sokoto,2013,DHS,0.4493,76.24,58.94,2,4.0,0.03,0.06,0.66,29.28,0.49,26.1
NG-SO,Sokoto,2016,MICS,0.3655,70.6,51.77,0,0.0,0.0,0.0,0.0,29.14,0.35,54.4
NG-SO,Sokoto,2018,DHS,0.4777,80.29,59.5,0,0.0,0.0,0.0,0.0,28.51,-0.28,11.8
NG-SO,Sokoto,2021,MICS,0.4372,70.74,61.8,6,37.0,0.089,0.552,1.94,28.68,-0.11,-58.6
NG-TA,Taraba,2013,DHS,0.343,63.97,53.61,5,80.0,0.131,2.096,5.65,28.02,0.12,-13.6
NG-TA,Taraba,2016,MICS,0.2646,54.14,48.86,8,52.0,0.21,1.362,3.78,28.28,0.38,-16.2
NG-TA,Taraba,2018,DHS,0.2639,51.42,51.31,34,200.0,0.891,5.24,22.84,28.16,0.26,17.2
NG-TA,Taraba,2021,MICS,0.2702,56.7,47.65,14,68.0,0.367,1.781,7.2,28.01,0.11,11.7
NG-YO,Yobe,2013,DHS,0.5422,85.41,63.47,21,290.0,0.543,7.495,21.62,27.99,0.53,-10.6
NG-YO,Yobe,2016,MICS,0.3634,65.51,55.47,10,69.0,0.258,1.783,4.77,27.84,0.38,4.0
NG-YO,Yobe,2018,DHS,0.4545,77.24,58.84,7,112.0,0.181,2.894,8.66,27.43,-0.03,-9.7
NG-YO,Yobe,2021,MICS,0.3428,63.02,54.39,29,151.0,0.749,3.902,15.13,27.89,0.44,-9.1
NG-ZA,Zamfara,2013,DHS,0.5083,80.59,63.08,0,0.0,0.0,0.0,0.0,26.87,0.29,-2.0
NG-ZA,Zamfara,2016,MICS,0.3926,68.61,57.23,0,0.0,0.0,0.0,0.0,27.11,0.53,14.8
NG-ZA,Zamfara,2018,DHS,0.4071,69.67,58.43,3,35.0,0.049,0.573,1.88,26.24,-0.34,3.8
NG-ZA,Zamfara,2021,MICS,0.3913,71.87,54.44,3,21.0,0.049,0.344,1.13,26.39,-0.19,-48.4
