pcode,state,interval,t0,t1,aligned_share,aligned_binary,aligned_share_sitting,mpi_t0,mpi_t1,dmpi_annual,dlogmpi_annual,poverty_group,survey_t0,survey_t1,mpi_series,run_date
NG-AB,Abia,2013-2016,2013,2016,0.805556,1,0.805556,0.0675,0.0346,-0.010967,-0.222758,Other 25,DHS 2013,MICS 2016,"OPHI harmonised (Data Table 6, MN 63)",2026-10-09
NG-AB,Abia,2016-2018,2016,2018,0.0,0,0.0,0.0346,0.0285,-0.00305,-0.096975,Other 25,MICS 2016,DHS 2018,"OPHI harmonised (Data Table 6, MN 63)",2026-10-09
NG-AB,Abia,2018-2021,2018,2021,0.0,0,0.0,0.0285,0.0419,0.004467,0.128461,Other 25,DHS 2018,MICS 2021,"OPHI harmonised (Data Table 6, MN 63)",2026-10-09
NG-AD,Adamawa,2013-2016,2013,2016,1.0,1,0.5,0.1885,0.2459,0.019133,0.088609,Other 25,DHS 2013,MICS 2016,"OPHI harmonised (Data Table 6, MN 63)",2026-10-09
NG-AD,Adamawa,2016-2018,2016,2018,1.0,1,1.0,0.2459,0.2728,0.01345,0.051907,Other 25,MICS 2016,DHS 2018,"OPHI harmonised (Data Table 6, MN 63)",2026-10-09
NG-AD,Adamawa,2018-2021,2018,2021,0.472222,0,0.472222,0.2728,0.182,-0.030267,-0.134911,Other 25,DHS 2018,MICS 2021,"OPHI harmonised (Data Table 6, MN 63)",2026-10-09
NG-AK,Akwa Ibom,2013-2016,2013,2016,0.805556,1,0.805556,0.0572,0.0515,-0.0019,-0.034991,Other 25,DHS 2013,MICS 2016,"OPHI harmonised (Data Table 6, MN 63)",2026-10-09
NG-AK,Akwa Ibom,2016-2018,2016,2018,0.0,0,0.0,0.0515,0.0611,0.0048,0.085465,Other 25,MICS 2016,DHS 2018,"OPHI harmonised (Data Table 6, MN 63)",2026-10-09
NG-AK,Akwa Ibom,2018-2021,2018,2021,0.0,0,0.0,0.0611,0.0446,-0.0055,-0.104926,Other 25,DHS 2018,MICS 2021,"OPHI harmonised (Data Table 6, MN 63)",2026-10-09
NG-AN,Anambra,2013-2016,2013,2016,0.0,0,0.0,0.0484,0.0341,-0.004767,-0.116734,Other 25,DHS 2013,MICS 2016,"OPHI harmonised (Data Table 6, MN 63)",2026-10-09
NG-AN,Anambra,2016-2018,2016,2018,0.0,0,0.0,0.0341,0.0291,-0.0025,-0.07928,Other 25,MICS 2016,DHS 2018,"OPHI harmonised (Data Table 6, MN 63)",2026-10-09
NG-AN,Anambra,2018-2021,2018,2021,0.0,0,0.0,0.0291,0.0089,-0.006733,-0.394896,Other 25,DHS 2018,MICS 2021,"OPHI harmonised (Data Table 6, MN 63)",2026-10-09
NG-BA,Bauchi,2013-2016,2013,2016,1.0,1,1.0,0.4763,0.4161,-0.020067,-0.045041,Poorest 12,DHS 2013,MICS 2016,"OPHI harmonised (Data Table 6, MN 63)",2026-10-09
NG-BA,Bauchi,2016-2018,2016,2018,1.0,1,1.0,0.4161,0.375,-0.02055,-0.052,Poorest 12,MICS 2016,DHS 2018,"OPHI harmonised (Data Table 6, MN 63)",2026-10-09
NG-BA,Bauchi,2018-2021,2018,2021,0.472222,0,0.472222,0.375,0.4411,0.022033,0.054115,Poorest 12,DHS 2018,MICS 2021,"OPHI harmonised (Data Table 6, MN 63)",2026-10-09
NG-BE,Benue,2013-2016,2013,2016,1.0,1,1.0,0.2089,0.1289,-0.026667,-0.16094,Other 25,DHS 2013,MICS 2016,"OPHI harmonised (Data Table 6, MN 63)",2026-10-09
NG-BE,Benue,2016-2018,2016,2018,1.0,1,1.0,0.1289,0.1072,-0.01085,-0.09217,Other 25,MICS 2016,DHS 2018,"OPHI harmonised (Data Table 6, MN 63)",2026-10-09
NG-BE,Benue,2018-2021,2018,2021,0.472222,0,0.194444,0.1072,0.1156,0.0028,0.025147,Other 25,DHS 2018,MICS 2021,"OPHI harmonised (Data Table 6, MN 63)",2026-10-09
NG-BO,Borno,2013-2016,2013,2016,0.194444,0,0.194444,0.3514,0.1786,-0.0576,-0.225592,Poorest 12,DHS 2013,MICS 2016,"OPHI harmonised (Data Table 6, MN 63)",2026-10-09
NG-BO,Borno,2016-2018,2016,2018,1.0,1,1.0,0.1786,0.2521,0.03675,0.172339,Poorest 12,MICS 2016,DHS 2018,"OPHI harmonised (Data Table 6, MN 63)",2026-10-09
NG-BO,Borno,2018-2021,2018,2021,1.0,1,1.0,0.2521,0.2922,0.013367,0.049204,Poorest 12,DHS 2018,MICS 2021,"OPHI harmonised (Data Table 6, MN 63)",2026-10-09
NG-BY,Bayelsa,2013-2016,2013,2016,0.805556,1,0.805556,0.0655,0.085,0.0065,0.086867,Other 25,DHS 2013,MICS 2016,"OPHI harmonised (Data Table 6, MN 63)",2026-10-09
NG-BY,Bayelsa,2016-2018,2016,2018,0.0,0,0.0,0.085,0.0472,-0.0189,-0.294129,Other 25,MICS 2016,DHS 2018,"OPHI harmonised (Data Table 6, MN 63)",2026-10-09
NG-BY,Bayelsa,2018-2021,2018,2021,0.0,0,0.0,0.0472,0.0644,0.005733,0.103573,Other 25,DHS 2018,MICS 2021,"OPHI harmonised (Data Table 6, MN 63)",2026-10-09
NG-CR,Cross River,2013-2016,2013,2016,0.805556,1,0.805556,0.0888,0.0765,-0.0041,-0.049699,Other 25,DHS 2013,MICS 2016,"OPHI harmonised (Data Table 6, MN 63)",2026-10-09
NG-CR,Cross River,2016-2018,2016,2018,0.0,0,0.0,0.0765,0.0644,-0.00605,-0.086089,Other 25,MICS 2016,DHS 2018,"OPHI harmonised (Data Table 6, MN 63)",2026-10-09
NG-CR,Cross River,2018-2021,2018,2021,0.0,0,0.0,0.0644,0.0775,0.004367,0.061721,Other 25,DHS 2018,MICS 2021,"OPHI harmonised (Data Table 6, MN 63)",2026-10-09
NG-DE,Delta,2013-2016,2013,2016,0.805556,1,0.805556,0.0692,0.0398,-0.0098,-0.184378,Other 25,DHS 2013,MICS 2016,"OPHI harmonised (Data Table 6, MN 63)",2026-10-09
NG-DE,Delta,2016-2018,2016,2018,0.0,0,0.0,0.0398,0.0377,-0.00105,-0.027103,Other 25,MICS 2016,DHS 2018,"OPHI harmonised (Data Table 6, MN 63)",2026-10-09
NG-DE,Delta,2018-2021,2018,2021,0.0,0,0.0,0.0377,0.0507,0.004333,0.098755,Other 25,DHS 2018,MICS 2021,"OPHI harmonised (Data Table 6, MN 63)",2026-10-09
NG-EB,Ebonyi,2013-2016,2013,2016,0.805556,1,0.805556,0.1679,0.1142,-0.0179,-0.128472,Other 25,DHS 2013,MICS 2016,"OPHI harmonised (Data Table 6, MN 63)",2026-10-09
NG-EB,Ebonyi,2016-2018,2016,2018,0.0,0,0.0,0.1142,0.1026,-0.0058,-0.053557,Other 25,MICS 2016,DHS 2018,"OPHI harmonised (Data Table 6, MN 63)",2026-10-09
NG-EB,Ebonyi,2018-2021,2018,2021,0.0,0,0.027778,0.1026,0.0341,-0.022833,-0.36718,Other 25,DHS 2018,MICS 2021,"OPHI harmonised (Data Table 6, MN 63)",2026-10-09
NG-ED,Edo,2013-2016,2013,2016,0.0,0,0.194444,0.0457,0.0128,-0.010967,-0.424218,Other 25,DHS 2013,MICS 2016,"OPHI harmonised (Data Table 6, MN 63)",2026-10-09
NG-ED,Edo,2016-2018,2016,2018,0.791667,1,1.0,0.0128,0.0496,0.0184,0.677273,Other 25,MICS 2016,DHS 2018,"OPHI harmonised (Data Table 6, MN 63)",2026-10-09
NG-ED,Edo,2018-2021,2018,2021,0.805556,1,0.805556,0.0496,0.0358,-0.0046,-0.108681,Other 25,DHS 2018,MICS 2021,"OPHI harmonised (Data Table 6, MN 63)",2026-10-09
NG-EK,Ekiti,2013-2016,2013,2016,0.333333,0,0.333333,0.0272,0.0395,0.0041,0.124361,Other 25,DHS 2013,MICS 2016,"OPHI harmonised (Data Table 6, MN 63)",2026-10-09
NG-EK,Ekiti,2016-2018,2016,2018,0.0,0,0.0,0.0395,0.0646,0.01255,0.245957,Other 25,MICS 2016,DHS 2018,"OPHI harmonised (Data Table 6, MN 63)",2026-10-09
NG-EK,Ekiti,2018-2021,2018,2021,0.861111,1,0.861111,0.0646,0.0532,-0.0038,-0.064719,Other 25,DHS 2018,MICS 2021,"OPHI harmonised (Data Table 6, MN 63)",2026-10-09
NG-EN,Enugu,2013-2016,2013,2016,0.805556,1,0.805556,0.0843,0.0305,-0.017933,-0.338885,Other 25,DHS 2013,MICS 2016,"OPHI harmonised (Data Table 6, MN 63)",2026-10-09
NG-EN,Enugu,2016-2018,2016,2018,0.0,0,0.0,0.0305,0.0538,0.01165,0.283773,Other 25,MICS 2016,DHS 2018,"OPHI harmonised (Data Table 6, MN 63)",2026-10-09
NG-EN,Enugu,2018-2021,2018,2021,0.0,0,0.0,0.0538,0.03,-0.007933,-0.194692,Other 25,DHS 2018,MICS 2021,"OPHI harmonised (Data Table 6, MN 63)",2026-10-09
NG-GO,Gombe,2013-2016,2013,2016,0.805556,1,0.805556,0.3635,0.3746,0.0037,0.010026,Poorest 12,DHS 2013,MICS 2016,"OPHI harmonised (Data Table 6, MN 63)",2026-10-09
NG-GO,Gombe,2016-2018,2016,2018,0.0,0,0.0,0.3746,0.4176,0.0215,0.054333,Poorest 12,MICS 2016,DHS 2018,"OPHI harmonised (Data Table 6, MN 63)",2026-10-09
NG-GO,Gombe,2018-2021,2018,2021,0.527778,1,0.527778,0.4176,0.3345,-0.0277,-0.073962,Poorest 12,DHS 2018,MICS 2021,"OPHI harmonised (Data Table 6, MN 63)",2026-10-09
NG-IM,Imo,2013-2016,2013,2016,0.194444,0,0.194444,0.0588,0.036,-0.0076,-0.163541,Other 25,DHS 2013,MICS 2016,"OPHI harmonised (Data Table 6, MN 63)",2026-10-09
NG-IM,Imo,2016-2018,2016,2018,1.0,1,1.0,0.036,0.0496,0.0068,0.160236,Other 25,MICS 2016,DHS 2018,"OPHI harmonised (Data Table 6, MN 63)",2026-10-09
NG-IM,Imo,2018-2021,2018,2021,0.666667,1,0.666667,0.0496,0.0183,-0.010433,-0.332363,Other 25,DHS 2018,MICS 2021,"OPHI harmonised (Data Table 6, MN 63)",2026-10-09
NG-JI,Jigawa,2013-2016,2013,2016,1.0,1,1.0,0.4382,0.42,-0.006067,-0.01414,Poorest 12,DHS 2013,MICS 2016,"OPHI harmonised (Data Table 6, MN 63)",2026-10-09
NG-JI,Jigawa,2016-2018,2016,2018,1.0,1,1.0,0.42,0.3837,-0.01815,-0.045197,Poorest 12,MICS 2016,DHS 2018,"OPHI harmonised (Data Table 6, MN 63)",2026-10-09
NG-JI,Jigawa,2018-2021,2018,2021,1.0,1,1.0,0.3837,0.4377,0.018,0.043891,Poorest 12,DHS 2018,MICS 2021,"OPHI harmonised (Data Table 6, MN 63)",2026-10-09
NG-KD,Kaduna,2013-2016,2013,2016,1.0,1,1.0,0.2161,0.188,-0.009367,-0.046433,Other 25,DHS 2013,MICS 2016,"OPHI harmonised (Data Table 6, MN 63)",2026-10-09
NG-KD,Kaduna,2016-2018,2016,2018,1.0,1,1.0,0.188,0.2569,0.03445,0.156122,Other 25,MICS 2016,DHS 2018,"OPHI harmonised (Data Table 6, MN 63)",2026-10-09
NG-KD,Kaduna,2018-2021,2018,2021,1.0,1,1.0,0.2569,0.1671,-0.029933,-0.143365,Other 25,DHS 2018,MICS 2021,"OPHI harmonised (Data Table 6, MN 63)",2026-10-09
NG-KE,Kebbi,2013-2016,2013,2016,1.0,1,1.0,0.449,0.3577,-0.030433,-0.075776,Poorest 12,DHS 2013,MICS 2016,"OPHI harmonised (Data Table 6, MN 63)",2026-10-09
NG-KE,Kebbi,2016-2018,2016,2018,1.0,1,1.0,0.3577,0.5087,0.0755,0.176082,Poorest 12,MICS 2016,DHS 2018,"OPHI harmonised (Data Table 6, MN 63)",2026-10-09
NG-KE,Kebbi,2018-2021,2018,2021,1.0,1,1.0,0.5087,0.4373,-0.0238,-0.050413,Poorest 12,DHS 2018,MICS 2021,"OPHI harmonised (Data Table 6, MN 63)",2026-10-09
NG-KN,Kano,2013-2016,2013,2016,1.0,1,0.5,0.283,0.288,0.001667,0.005838,Poorest 12,DHS 2013,MICS 2016,"OPHI harmonised (Data Table 6, MN 63)",2026-10-09
NG-KN,Kano,2016-2018,2016,2018,1.0,1,1.0,0.288,0.2818,-0.0031,-0.010881,Poorest 12,MICS 2016,DHS 2018,"OPHI harmonised (Data Table 6, MN 63)",2026-10-09
NG-KN,Kano,2018-2021,2018,2021,1.0,1,1.0,0.2818,0.2497,-0.0107,-0.040312,Poorest 12,DHS 2018,MICS 2021,"OPHI harmonised (Data Table 6, MN 63)",2026-10-09
NG-KO,Kogi,2013-2016,2013,2016,0.805556,1,0.805556,0.0755,0.08,0.0015,0.019298,Other 25,DHS 2013,MICS 2016,"OPHI harmonised (Data Table 6, MN 63)",2026-10-09
NG-KO,Kogi,2016-2018,2016,2018,0.791667,1,0.791667,0.08,0.1227,0.02135,0.213858,Other 25,MICS 2016,DHS 2018,"OPHI harmonised (Data Table 6, MN 63)",2026-10-09
NG-KO,Kogi,2018-2021,2018,2021,1.0,1,1.0,0.1227,0.0638,-0.019633,-0.217996,Other 25,DHS 2018,MICS 2021,"OPHI harmonised (Data Table 6, MN 63)",2026-10-09
NG-KT,Katsina,2013-2016,2013,2016,1.0,1,1.0,0.4163,0.3471,-0.023067,-0.060598,Poorest 12,DHS 2013,MICS 2016,"OPHI harmonised (Data Table 6, MN 63)",2026-10-09
NG-KT,Katsina,2016-2018,2016,2018,1.0,1,1.0,0.3471,0.31,-0.01855,-0.05652,Poorest 12,MICS 2016,DHS 2018,"OPHI harmonised (Data Table 6, MN 63)",2026-10-09
NG-KT,Katsina,2018-2021,2018,2021,1.0,1,1.0,0.31,0.3331,0.0077,0.023957,Poorest 12,DHS 2018,MICS 2021,"OPHI harmonised (Data Table 6, MN 63)",2026-10-09
NG-KW,Kwara,2013-2016,2013,2016,1.0,1,0.5,0.0666,0.1104,0.0146,0.168469,Other 25,DHS 2013,MICS 2016,"OPHI harmonised (Data Table 6, MN 63)",2026-10-09
NG-KW,Kwara,2016-2018,2016,2018,1.0,1,1.0,0.1104,0.1817,0.03565,0.249123,Other 25,MICS 2016,DHS 2018,"OPHI harmonised (Data Table 6, MN 63)",2026-10-09
NG-KW,Kwara,2018-2021,2018,2021,1.0,1,0.722222,0.1817,0.0962,-0.0285,-0.211976,Other 25,DHS 2018,MICS 2021,"OPHI harmonised (Data Table 6, MN 63)",2026-10-09
NG-LA,Lagos,2013-2016,2013,2016,0.194444,0,0.194444,0.0234,0.0155,-0.002633,-0.137299,Other 25,DHS 2013,MICS 2016,"OPHI harmonised (Data Table 6, MN 63)",2026-10-09
NG-LA,Lagos,2016-2018,2016,2018,1.0,1,1.0,0.0155,0.0174,0.00095,0.057815,Other 25,MICS 2016,DHS 2018,"OPHI harmonised (Data Table 6, MN 63)",2026-10-09
NG-LA,Lagos,2018-2021,2018,2021,1.0,1,1.0,0.0174,0.0044,-0.004333,-0.458289,Other 25,DHS 2018,MICS 2021,"OPHI harmonised (Data Table 6, MN 63)",2026-10-09
NG-NA,Nasarawa,2013-2016,2013,2016,0.194444,0,0.194444,0.1724,0.1951,0.007567,0.041232,Other 25,DHS 2013,MICS 2016,"OPHI harmonised (Data Table 6, MN 63)",2026-10-09
NG-NA,Nasarawa,2016-2018,2016,2018,1.0,1,1.0,0.1951,0.1127,-0.0412,-0.274391,Other 25,MICS 2016,DHS 2018,"OPHI harmonised (Data Table 6, MN 63)",2026-10-09
NG-NA,Nasarawa,2018-2021,2018,2021,1.0,1,1.0,0.1127,0.1888,0.025367,0.171986,Other 25,DHS 2018,MICS 2021,"OPHI harmonised (Data Table 6, MN 63)",2026-10-09
NG-NI,Niger,2013-2016,2013,2016,1.0,1,1.0,0.2577,0.286,0.009433,0.034732,Poorest 12,DHS 2013,MICS 2016,"OPHI harmonised (Data Table 6, MN 63)",2026-10-09
NG-NI,Niger,2016-2018,2016,2018,1.0,1,1.0,0.286,0.3137,0.01385,0.046223,Poorest 12,MICS 2016,DHS 2018,"OPHI harmonised (Data Table 6, MN 63)",2026-10-09
NG-NI,Niger,2018-2021,2018,2021,1.0,1,1.0,0.3137,0.2191,-0.031533,-0.119636,Poorest 12,DHS 2018,MICS 2021,"OPHI harmonised (Data Table 6, MN 63)",2026-10-09
NG-OG,Ogun,2013-2016,2013,2016,0.194444,0,0.194444,0.0764,0.048,-0.009467,-0.154927,Other 25,DHS 2013,MICS 2016,"OPHI harmonised (Data Table 6, MN 63)",2026-10-09
NG-OG,Ogun,2016-2018,2016,2018,1.0,1,1.0,0.048,0.0289,-0.00955,-0.25368,Other 25,MICS 2016,DHS 2018,"OPHI harmonised (Data Table 6, MN 63)",2026-10-09
NG-OG,Ogun,2018-2021,2018,2021,1.0,1,1.0,0.0289,0.0918,0.020967,0.385257,Other 25,DHS 2018,MICS 2021,"OPHI harmonised (Data Table 6, MN 63)",2026-10-09
NG-ON,Ondo,2013-2016,2013,2016,0.0,0,0.194444,0.0912,0.066,-0.0084,-0.1078,Other 25,DHS 2013,MICS 2016,"OPHI harmonised (Data Table 6, MN 63)",2026-10-09
NG-ON,Ondo,2016-2018,2016,2018,0.291667,0,0.291667,0.066,0.0503,-0.00785,-0.135825,Other 25,MICS 2016,DHS 2018,"OPHI harmonised (Data Table 6, MN 63)",2026-10-09
NG-ON,Ondo,2018-2021,2018,2021,1.0,1,1.0,0.0503,0.0637,0.004467,0.078726,Other 25,DHS 2018,MICS 2021,"OPHI harmonised (Data Table 6, MN 63)",2026-10-09
NG-OS,Osun,2013-2016,2013,2016,0.194444,0,0.194444,0.0276,0.0448,0.005733,0.161464,Other 25,DHS 2013,MICS 2016,"OPHI harmonised (Data Table 6, MN 63)",2026-10-09
NG-OS,Osun,2016-2018,2016,2018,1.0,1,1.0,0.0448,0.0542,0.0047,0.095236,Other 25,MICS 2016,DHS 2018,"OPHI harmonised (Data Table 6, MN 63)",2026-10-09
NG-OS,Osun,2018-2021,2018,2021,1.0,1,1.0,0.0542,0.0315,-0.007567,-0.180898,Other 25,DHS 2018,MICS 2021,"OPHI harmonised (Data Table 6, MN 63)",2026-10-09
NG-OY,Oyo,2013-2016,2013,2016,0.194444,0,0.194444,0.1126,0.0981,-0.004833,-0.045951,Other 25,DHS 2013,MICS 2016,"OPHI harmonised (Data Table 6, MN 63)",2026-10-09
NG-OY,Oyo,2016-2018,2016,2018,1.0,1,1.0,0.0981,0.0533,-0.0224,-0.305026,Other 25,MICS 2016,DHS 2018,"OPHI harmonised (Data Table 6, MN 63)",2026-10-09
NG-OY,Oyo,2018-2021,2018,2021,0.472222,0,0.472222,0.0533,0.0809,0.0092,0.139092,Other 25,DHS 2018,MICS 2021,"OPHI harmonised (Data Table 6, MN 63)",2026-10-09
NG-PL,Plateau,2013-2016,2013,2016,1.0,1,1.0,0.2251,0.1805,-0.014867,-0.073605,Other 25,DHS 2013,MICS 2016,"OPHI harmonised (Data Table 6, MN 63)",2026-10-09
NG-PL,Plateau,2016-2018,2016,2018,1.0,1,1.0,0.1805,0.1571,-0.0117,-0.069424,Other 25,MICS 2016,DHS 2018,"OPHI harmonised (Data Table 6, MN 63)",2026-10-09
NG-PL,Plateau,2018-2021,2018,2021,1.0,1,1.0,0.1571,0.1945,0.012467,0.071183,Other 25,DHS 2018,MICS 2021,"OPHI harmonised (Data Table 6, MN 63)",2026-10-09
NG-RI,Rivers,2013-2016,2013,2016,0.805556,1,0.305556,0.063,0.028,-0.011667,-0.27031,Other 25,DHS 2013,MICS 2016,"OPHI harmonised (Data Table 6, MN 63)",2026-10-09
NG-RI,Rivers,2016-2018,2016,2018,0.0,0,0.0,0.028,0.0347,0.00335,0.107268,Other 25,MICS 2016,DHS 2018,"OPHI harmonised (Data Table 6, MN 63)",2026-10-09
NG-RI,Rivers,2018-2021,2018,2021,0.0,0,0.0,0.0347,0.0351,0.000133,0.00382,Other 25,DHS 2018,MICS 2021,"OPHI harmonised (Data Table 6, MN 63)",2026-10-09
NG-SO,Sokoto,2013-2016,2013,2016,1.0,1,0.5,0.4493,0.3655,-0.027933,-0.068808,Poorest 12,DHS 2013,MICS 2016,"OPHI harmonised (Data Table 6, MN 63)",2026-10-09
NG-SO,Sokoto,2016-2018,2016,2018,1.0,1,1.0,0.3655,0.4777,0.0561,0.133858,Poorest 12,MICS 2016,DHS 2018,"OPHI harmonised (Data Table 6, MN 63)",2026-10-09
NG-SO,Sokoto,2018-2021,2018,2021,0.472222,0,0.222222,0.4777,0.4372,-0.0135,-0.029531,Poorest 12,DHS 2018,MICS 2021,"OPHI harmonised (Data Table 6, MN 63)",2026-10-09
NG-TA,Taraba,2013-2016,2013,2016,0.805556,1,0.805556,0.343,0.2646,-0.026133,-0.086504,Poorest 12,DHS 2013,MICS 2016,"OPHI harmonised (Data Table 6, MN 63)",2026-10-09
NG-TA,Taraba,2016-2018,2016,2018,0.0,0,0.0,0.2646,0.2639,-0.00035,-0.001325,Poorest 12,MICS 2016,DHS 2018,"OPHI harmonised (Data Table 6, MN 63)",2026-10-09
NG-TA,Taraba,2018-2021,2018,2021,0.0,0,0.0,0.2639,0.2702,0.0021,0.007864,Poorest 12,DHS 2018,MICS 2021,"OPHI harmonised (Data Table 6, MN 63)",2026-10-09
NG-YO,Yobe,2013-2016,2013,2016,0.194444,0,0.194444,0.5422,0.3634,-0.0596,-0.133377,Poorest 12,DHS 2013,MICS 2016,"OPHI harmonised (Data Table 6, MN 63)",2026-10-09
NG-YO,Yobe,2016-2018,2016,2018,1.0,1,1.0,0.3634,0.4545,0.04555,0.111847,Poorest 12,MICS 2016,DHS 2018,"OPHI harmonised (Data Table 6, MN 63)",2026-10-09
NG-YO,Yobe,2018-2021,2018,2021,1.0,1,1.0,0.4545,0.3428,-0.037233,-0.094017,Poorest 12,DHS 2018,MICS 2021,"OPHI harmonised (Data Table 6, MN 63)",2026-10-09
NG-ZA,Zamfara,2013-2016,2013,2016,0.194444,0,0.194444,0.5083,0.3926,-0.038567,-0.086094,Poorest 12,DHS 2013,MICS 2016,"OPHI harmonised (Data Table 6, MN 63)",2026-10-09
NG-ZA,Zamfara,2016-2018,2016,2018,1.0,1,1.0,0.3926,0.4071,0.00725,0.018134,Poorest 12,MICS 2016,DHS 2018,"OPHI harmonised (Data Table 6, MN 63)",2026-10-09
NG-ZA,Zamfara,2018-2021,2018,2021,0.472222,0,0.472222,0.4071,0.3913,-0.005267,-0.013195,Poorest 12,DHS 2018,MICS 2021,"OPHI harmonised (Data Table 6, MN 63)",2026-10-09
