pcode,state,aligned_years_1999_2021,span_years,note,run_date
NG-AB,Abia,12.0,22.6,,2026-10-10
NG-AD,Adamawa,20.0,22.6,,2026-10-10
NG-AK,Akwa Ibom,16.0,22.6,,2026-10-10
NG-AN,Anambra,7.0,22.6,,2026-10-10
NG-BA,Bauchi,16.0,22.6,,2026-10-10
NG-BE,Benue,20.0,22.6,,2026-10-10
NG-BO,Borno,6.6,22.6,,2026-10-10
NG-BY,Bayelsa,16.0,22.6,,2026-10-10
NG-CR,Cross River,16.0,22.6,,2026-10-10
NG-DE,Delta,16.0,22.6,,2026-10-10
NG-EB,Ebonyi,16.0,22.6,,2026-10-10
NG-ED,Edo,13.0,22.6,,2026-10-10
NG-EK,Ekiti,11.6,22.6,,2026-10-10
NG-EN,Enugu,16.0,22.6,,2026-10-10
NG-FC,FCT,—,22.6,excluded: no elected governor,2026-10-10
NG-GO,Gombe,14.6,22.6,,2026-10-10
NG-IM,Imo,13.6,22.6,,2026-10-10
NG-JI,Jigawa,14.6,22.6,,2026-10-10
NG-KD,Kaduna,22.6,22.6,,2026-10-10
NG-KE,Kebbi,14.6,22.6,,2026-10-10
NG-KN,Kano,14.6,22.6,,2026-10-10
NG-KO,Kogi,17.6,22.6,,2026-10-10
NG-KT,Katsina,22.6,22.6,,2026-10-10
NG-KW,Kwara,18.6,22.6,,2026-10-10
NG-LA,Lagos,6.6,22.6,,2026-10-10
NG-NA,Nasarawa,18.6,22.6,,2026-10-10
NG-NI,Niger,22.6,22.6,,2026-10-10
NG-OG,Ogun,14.6,22.6,,2026-10-10
NG-ON,Ondo,10.6,22.6,,2026-10-10
NG-OS,Osun,13.6,22.6,,2026-10-10
NG-OY,Oyo,12.0,22.6,,2026-10-10
NG-PL,Plateau,22.6,22.6,,2026-10-10
NG-RI,Rivers,16.0,22.6,,2026-10-10
NG-SO,Sokoto,12.0,22.6,,2026-10-10
NG-TA,Taraba,16.0,22.6,,2026-10-10
NG-YO,Yobe,6.6,22.6,,2026-10-10
NG-ZA,Zamfara,4.0,22.6,,2026-10-10
