pcode,state,capital,year,temp_mean_c,precip_total_mm,temp_anomaly_c,precip_anomaly_mm,precip_anomaly_pct,days_temp,days_precip
NG-AB,Abia,Umuahia,1990,25.432,2202.1,-0.175,190.5,9.5,365,365
NG-AB,Abia,Umuahia,1991,25.259,2169.9,-0.348,158.3,7.9,365,365
NG-AB,Abia,Umuahia,1992,25.203,1989.3,-0.404,-22.3,-1.1,366,366
NG-AB,Abia,Umuahia,1993,25.241,2079.3,-0.366,67.7,3.4,365,365
NG-AB,Abia,Umuahia,1994,25.219,2068.4,-0.388,56.8,2.8,365,365
NG-AB,Abia,Umuahia,1995,25.482,2364.0,-0.125,352.4,17.5,365,365
NG-AB,Abia,Umuahia,1996,25.407,1943.1,-0.2,-68.5,-3.4,366,366
NG-AB,Abia,Umuahia,1997,25.482,2039.7,-0.125,28.1,1.4,365,365
NG-AB,Abia,Umuahia,1998,26.127,1753.9,0.52,-257.7,-12.8,365,365
NG-AB,Abia,Umuahia,1999,25.113,2086.6,-0.495,75.0,3.7,365,365
NG-AB,Abia,Umuahia,2000,25.496,1901.6,-0.112,-110.0,-5.5,366,366
NG-AB,Abia,Umuahia,2001,25.457,1729.6,-0.15,-282.0,-14.0,365,365
NG-AB,Abia,Umuahia,2002,25.403,2029.9,-0.205,18.3,0.9,365,365
NG-AB,Abia,Umuahia,2003,25.522,1835.6,-0.086,-176.0,-8.7,365,365
NG-AB,Abia,Umuahia,2004,25.545,2032.2,-0.063,20.6,1.0,366,366
NG-AB,Abia,Umuahia,2005,25.648,1810.9,0.041,-200.7,-10.0,365,365
NG-AB,Abia,Umuahia,2006,25.652,2010.2,0.044,-1.4,-0.1,365,365
NG-AB,Abia,Umuahia,2007,25.464,2008.1,-0.143,-3.5,-0.2,365,365
NG-AB,Abia,Umuahia,2008,25.39,2126.0,-0.217,114.4,5.7,366,366
NG-AB,Abia,Umuahia,2009,25.641,2189.5,0.033,177.9,8.8,365,365
NG-AB,Abia,Umuahia,2010,26.093,1939.0,0.485,-72.6,-3.6,365,365
NG-AB,Abia,Umuahia,2011,25.546,1944.4,-0.061,-67.2,-3.3,365,365
NG-AB,Abia,Umuahia,2012,25.358,1944.9,-0.25,-66.7,-3.3,366,366
NG-AB,Abia,Umuahia,2013,25.371,2134.2,-0.237,122.6,6.1,365,365
NG-AB,Abia,Umuahia,2014,25.541,2206.2,-0.066,194.6,9.7,365,365
NG-AB,Abia,Umuahia,2015,25.736,2155.0,0.129,143.4,7.1,365,365
NG-AB,Abia,Umuahia,2016,26.022,2358.4,0.414,346.8,17.2,366,366
NG-AB,Abia,Umuahia,2017,26.405,1604.6,0.798,-407.0,-20.2,365,365
NG-AB,Abia,Umuahia,2018,26.057,1767.7,0.45,-243.9,-12.1,365,365
NG-AB,Abia,Umuahia,2019,25.91,2328.0,0.302,316.4,15.7,365,365
NG-AB,Abia,Umuahia,2020,26.432,1797.6,0.824,-214.0,-10.6,366,366
NG-AB,Abia,Umuahia,2021,26.305,1817.7,0.698,-193.9,-9.6,365,365
NG-AB,Abia,Umuahia,2022,25.976,1608.3,0.369,-403.3,-20.0,365,365
NG-AB,Abia,Umuahia,2023,26.165,1981.2,0.557,-30.4,-1.5,365,365
NG-AB,Abia,Umuahia,2024,26.894,1132.2,1.287,-879.4,-43.7,366,366
NG-AD,Adamawa,Yola,1990,29.357,532.8,0.331,-55.2,-9.4,365,365
NG-AD,Adamawa,Yola,1991,29.09,577.1,0.065,-10.9,-1.9,365,365
NG-AD,Adamawa,Yola,1992,28.2,658.2,-0.825,70.2,11.9,366,366
NG-AD,Adamawa,Yola,1993,28.805,506.6,-0.221,-81.4,-13.8,365,365
NG-AD,Adamawa,Yola,1994,28.182,810.5,-0.844,222.5,37.8,365,365
NG-AD,Adamawa,Yola,1995,28.672,595.5,-0.354,7.5,1.3,365,365
NG-AD,Adamawa,Yola,1996,28.628,710.4,-0.397,122.4,20.8,366,366
NG-AD,Adamawa,Yola,1997,28.758,572.1,-0.267,-15.9,-2.7,365,365
NG-AD,Adamawa,Yola,1998,29.003,783.7,-0.022,195.7,33.3,365,365
NG-AD,Adamawa,Yola,1999,28.505,807.3,-0.52,219.3,37.3,365,365
NG-AD,Adamawa,Yola,2000,28.498,555.3,-0.528,-32.7,-5.6,366,366
NG-AD,Adamawa,Yola,2001,28.844,485.3,-0.181,-102.7,-17.5,365,365
NG-AD,Adamawa,Yola,2002,29.183,561.1,0.157,-26.9,-4.6,365,365
NG-AD,Adamawa,Yola,2003,29.116,665.6,0.09,77.6,13.2,365,365
NG-AD,Adamawa,Yola,2004,29.158,515.9,0.132,-72.1,-12.3,366,366
NG-AD,Adamawa,Yola,2005,29.776,504.4,0.75,-83.6,-14.2,365,365
NG-AD,Adamawa,Yola,2006,29.642,438.8,0.617,-149.2,-25.4,365,365
NG-AD,Adamawa,Yola,2007,28.959,547.8,-0.067,-40.2,-6.8,365,365
NG-AD,Adamawa,Yola,2008,28.582,689.0,-0.443,101.0,17.2,366,366
NG-AD,Adamawa,Yola,2009,29.6,506.1,0.574,-81.9,-13.9,365,365
NG-AD,Adamawa,Yola,2010,29.586,581.3,0.56,-6.7,-1.1,365,365
NG-AD,Adamawa,Yola,2011,29.161,452.6,0.136,-135.4,-23.0,365,365
NG-AD,Adamawa,Yola,2012,28.57,698.6,-0.455,110.6,18.8,366,366
NG-AD,Adamawa,Yola,2013,29.219,540.5,0.194,-47.5,-8.1,365,365
NG-AD,Adamawa,Yola,2014,29.09,607.7,0.065,19.7,3.3,365,365
NG-AD,Adamawa,Yola,2015,29.373,501.3,0.348,-86.7,-14.7,365,365
NG-AD,Adamawa,Yola,2016,29.48,555.9,0.455,-32.1,-5.5,366,366
NG-AD,Adamawa,Yola,2017,29.157,615.7,0.131,27.7,4.7,365,365
NG-AD,Adamawa,Yola,2018,29.314,496.3,0.288,-91.7,-15.6,365,365
NG-AD,Adamawa,Yola,2019,29.308,697.4,0.282,109.4,18.6,365,365
NG-AD,Adamawa,Yola,2020,29.31,402.2,0.285,-185.8,-31.6,366,366
NG-AD,Adamawa,Yola,2021,29.258,511.3,0.232,-76.7,-13.0,365,365
NG-AD,Adamawa,Yola,2022,28.172,788.6,-0.854,200.6,34.1,365,365
NG-AD,Adamawa,Yola,2023,29.084,600.0,0.058,12.0,2.0,365,365
NG-AD,Adamawa,Yola,2024,29.317,633.4,0.292,45.4,7.7,366,366
NG-AK,Akwa Ibom,Uyo,1990,25.665,3116.2,-0.11,233.6,8.1,365,365
NG-AK,Akwa Ibom,Uyo,1991,25.563,2913.1,-0.213,30.5,1.1,365,365
NG-AK,Akwa Ibom,Uyo,1992,25.481,2828.3,-0.295,-54.3,-1.9,366,366
NG-AK,Akwa Ibom,Uyo,1993,25.541,3038.6,-0.235,156.0,5.4,365,365
NG-AK,Akwa Ibom,Uyo,1994,25.525,2948.8,-0.251,66.2,2.3,365,365
NG-AK,Akwa Ibom,Uyo,1995,25.742,3368.5,-0.033,485.9,16.9,365,365
NG-AK,Akwa Ibom,Uyo,1996,25.622,2788.8,-0.154,-93.8,-3.3,366,366
NG-AK,Akwa Ibom,Uyo,1997,25.785,2827.9,0.009,-54.7,-1.9,365,365
NG-AK,Akwa Ibom,Uyo,1998,26.344,2576.4,0.568,-306.2,-10.6,365,365
NG-AK,Akwa Ibom,Uyo,1999,25.367,3131.2,-0.409,248.6,8.6,365,365
NG-AK,Akwa Ibom,Uyo,2000,25.693,2655.0,-0.082,-227.6,-7.9,366,366
NG-AK,Akwa Ibom,Uyo,2001,25.703,2541.9,-0.073,-340.7,-11.8,365,365
NG-AK,Akwa Ibom,Uyo,2002,25.705,3020.3,-0.071,137.7,4.8,365,365
NG-AK,Akwa Ibom,Uyo,2003,25.828,2586.0,0.052,-296.6,-10.3,365,365
NG-AK,Akwa Ibom,Uyo,2004,25.823,2812.7,0.047,-69.9,-2.4,366,366
NG-AK,Akwa Ibom,Uyo,2005,25.906,2790.0,0.13,-92.6,-3.2,365,365
NG-AK,Akwa Ibom,Uyo,2006,25.896,2875.1,0.121,-7.5,-0.3,365,365
NG-AK,Akwa Ibom,Uyo,2007,25.742,3285.6,-0.033,403.0,14.0,365,365
NG-AK,Akwa Ibom,Uyo,2008,25.665,2880.3,-0.111,-2.3,-0.1,366,366
NG-AK,Akwa Ibom,Uyo,2009,25.84,3162.8,0.064,280.2,9.7,365,365
NG-AK,Akwa Ibom,Uyo,2010,26.277,2997.5,0.501,114.9,4.0,365,365
NG-AK,Akwa Ibom,Uyo,2011,25.8,2950.7,0.024,68.1,2.4,365,365
NG-AK,Akwa Ibom,Uyo,2012,25.683,2599.6,-0.093,-283.0,-9.8,366,366
NG-AK,Akwa Ibom,Uyo,2013,25.653,3175.5,-0.123,292.9,10.2,365,365
NG-AK,Akwa Ibom,Uyo,2014,25.788,2889.9,0.012,7.3,0.3,365,365
NG-AK,Akwa Ibom,Uyo,2015,25.915,2858.3,0.139,-24.3,-0.8,365,365
NG-AK,Akwa Ibom,Uyo,2016,26.279,3435.9,0.503,553.3,19.2,366,366
NG-AK,Akwa Ibom,Uyo,2017,25.888,2619.1,0.112,-263.5,-9.1,365,365
NG-AK,Akwa Ibom,Uyo,2018,25.617,2518.2,-0.159,-364.4,-12.6,365,365
NG-AK,Akwa Ibom,Uyo,2019,25.623,3351.8,-0.153,469.2,16.3,365,365
NG-AK,Akwa Ibom,Uyo,2020,25.982,2049.7,0.206,-832.9,-28.9,366,366
NG-AK,Akwa Ibom,Uyo,2021,25.851,2588.5,0.075,-294.1,-10.2,365,365
NG-AK,Akwa Ibom,Uyo,2022,25.576,2028.1,-0.2,-854.5,-29.6,365,365
NG-AK,Akwa Ibom,Uyo,2023,25.865,2460.7,0.089,-421.9,-14.6,365,365
NG-AK,Akwa Ibom,Uyo,2024,26.536,1813.4,0.76,-1069.2,-37.1,366,366
NG-AN,Anambra,Awka,1990,26.529,1672.5,-0.113,180.5,12.1,365,365
NG-AN,Anambra,Awka,1991,26.294,1504.4,-0.348,12.4,0.8,365,365
NG-AN,Anambra,Awka,1992,26.236,1333.6,-0.406,-158.4,-10.6,366,366
NG-AN,Anambra,Awka,1993,26.293,1372.1,-0.349,-119.9,-8.0,365,365
NG-AN,Anambra,Awka,1994,26.24,1522.3,-0.402,30.3,2.0,365,365
NG-AN,Anambra,Awka,1995,26.582,2064.4,-0.059,572.4,38.4,365,365
NG-AN,Anambra,Awka,1996,26.458,1485.4,-0.184,-6.6,-0.4,366,366
NG-AN,Anambra,Awka,1997,26.494,1582.7,-0.148,90.7,6.1,365,365
NG-AN,Anambra,Awka,1998,27.28,1170.9,0.638,-321.1,-21.5,365,365
NG-AN,Anambra,Awka,1999,26.204,1564.9,-0.438,72.9,4.9,365,365
NG-AN,Anambra,Awka,2000,26.597,1433.8,-0.045,-58.2,-3.9,366,366
NG-AN,Anambra,Awka,2001,26.516,1298.3,-0.126,-193.7,-13.0,365,365
NG-AN,Anambra,Awka,2002,26.449,1505.5,-0.193,13.5,0.9,365,365
NG-AN,Anambra,Awka,2003,26.559,1246.9,-0.083,-245.1,-16.4,365,365
NG-AN,Anambra,Awka,2004,26.643,1474.4,0.001,-17.6,-1.2,366,366
NG-AN,Anambra,Awka,2005,26.716,1367.5,0.075,-124.5,-8.3,365,365
NG-AN,Anambra,Awka,2006,26.719,1411.6,0.077,-80.4,-5.4,365,365
NG-AN,Anambra,Awka,2007,26.559,1453.9,-0.083,-38.1,-2.6,365,365
NG-AN,Anambra,Awka,2008,26.506,1551.1,-0.136,59.1,4.0,366,366
NG-AN,Anambra,Awka,2009,26.713,1588.3,0.071,96.3,6.5,365,365
NG-AN,Anambra,Awka,2010,27.17,1464.4,0.528,-27.6,-1.8,365,365
NG-AN,Anambra,Awka,2011,26.617,1487.7,-0.025,-4.3,-0.3,365,365
NG-AN,Anambra,Awka,2012,26.386,1370.6,-0.256,-121.4,-8.1,366,366
NG-AN,Anambra,Awka,2013,26.42,1657.2,-0.222,165.2,11.1,365,365
NG-AN,Anambra,Awka,2014,26.552,1769.8,-0.09,277.8,18.6,365,365
NG-AN,Anambra,Awka,2015,26.792,1424.0,0.15,-68.0,-4.6,365,365
NG-AN,Anambra,Awka,2016,27.087,1545.1,0.446,53.1,3.6,366,366
NG-AN,Anambra,Awka,2017,27.273,1492.3,0.631,0.3,0.0,365,365
NG-AN,Anambra,Awka,2018,26.875,1599.1,0.233,107.1,7.2,365,365
NG-AN,Anambra,Awka,2019,26.794,1760.3,0.152,268.3,18.0,365,365
NG-AN,Anambra,Awka,2020,27.234,1256.8,0.593,-235.2,-15.8,366,366
NG-AN,Anambra,Awka,2021,27.206,1482.1,0.564,-9.9,-0.7,365,365
NG-AN,Anambra,Awka,2022,26.761,1643.6,0.119,151.6,10.2,365,365
NG-AN,Anambra,Awka,2023,27.055,1701.4,0.413,209.4,14.0,365,365
NG-AN,Anambra,Awka,2024,27.749,1217.7,1.107,-274.3,-18.4,366,366
NG-BA,Bauchi,Bauchi,1990,24.878,1180.1,-0.117,127.8,12.1,365,365
NG-BA,Bauchi,Bauchi,1991,24.741,1211.5,-0.254,159.2,15.1,365,365
NG-BA,Bauchi,Bauchi,1992,23.855,1287.8,-1.14,235.5,22.4,366,366
NG-BA,Bauchi,Bauchi,1993,24.591,981.3,-0.404,-71.0,-6.7,365,365
NG-BA,Bauchi,Bauchi,1994,24.257,1412.9,-0.738,360.6,34.3,365,365
NG-BA,Bauchi,Bauchi,1995,24.563,1066.3,-0.432,14.0,1.3,365,365
NG-BA,Bauchi,Bauchi,1996,24.584,1252.6,-0.411,200.3,19.0,366,366
NG-BA,Bauchi,Bauchi,1997,24.608,1013.1,-0.388,-39.2,-3.7,365,365
NG-BA,Bauchi,Bauchi,1998,25.168,1237.3,0.173,185.0,17.6,365,365
NG-BA,Bauchi,Bauchi,1999,24.885,1164.5,-0.11,112.2,10.7,365,365
NG-BA,Bauchi,Bauchi,2000,24.399,1103.0,-0.596,50.7,4.8,366,366
NG-BA,Bauchi,Bauchi,2001,24.534,1262.9,-0.462,210.6,20.0,365,365
NG-BA,Bauchi,Bauchi,2002,24.882,813.1,-0.113,-239.2,-22.7,365,365
NG-BA,Bauchi,Bauchi,2003,25.091,987.2,0.095,-65.1,-6.2,365,365
NG-BA,Bauchi,Bauchi,2004,25.108,941.8,0.113,-110.5,-10.5,366,366
NG-BA,Bauchi,Bauchi,2005,25.638,957.9,0.642,-94.4,-9.0,365,365
NG-BA,Bauchi,Bauchi,2006,25.415,977.8,0.42,-74.5,-7.1,365,365
NG-BA,Bauchi,Bauchi,2007,25.229,949.2,0.234,-103.1,-9.8,365,365
NG-BA,Bauchi,Bauchi,2008,24.631,993.8,-0.365,-58.5,-5.6,366,366
NG-BA,Bauchi,Bauchi,2009,25.465,938.4,0.47,-113.9,-10.8,365,365
NG-BA,Bauchi,Bauchi,2010,25.552,1231.8,0.556,179.5,17.1,365,365
NG-BA,Bauchi,Bauchi,2011,24.824,1074.3,-0.171,22.0,2.1,365,365
NG-BA,Bauchi,Bauchi,2012,24.895,1277.6,-0.1,225.3,21.4,366,366
NG-BA,Bauchi,Bauchi,2013,25.285,1152.2,0.29,99.9,9.5,365,365
NG-BA,Bauchi,Bauchi,2014,25.148,1229.5,0.153,177.2,16.8,365,365
NG-BA,Bauchi,Bauchi,2015,25.158,1046.9,0.163,-5.4,-0.5,365,365
NG-BA,Bauchi,Bauchi,2016,25.372,1001.5,0.377,-50.8,-4.8,366,366
NG-BA,Bauchi,Bauchi,2017,25.486,726.5,0.49,-325.8,-31.0,365,365
NG-BA,Bauchi,Bauchi,2018,25.451,607.5,0.455,-444.8,-42.3,365,365
NG-BA,Bauchi,Bauchi,2019,25.42,871.6,0.424,-180.7,-17.2,365,365
NG-BA,Bauchi,Bauchi,2020,25.627,797.1,0.631,-255.2,-24.3,366,366
NG-BA,Bauchi,Bauchi,2021,25.993,710.0,0.997,-342.3,-32.5,365,365
NG-BA,Bauchi,Bauchi,2022,25.152,765.6,0.156,-286.7,-27.2,365,365
NG-BA,Bauchi,Bauchi,2023,25.952,703.8,0.956,-348.5,-33.1,365,365
NG-BA,Bauchi,Bauchi,2024,25.783,877.1,0.788,-175.2,-16.6,366,366
NG-BE,Benue,Makurdi,1990,28.12,825.3,0.044,-91.6,-10.0,365,365
NG-BE,Benue,Makurdi,1991,27.676,1121.5,-0.401,204.6,22.3,365,365
NG-BE,Benue,Makurdi,1992,27.264,1004.7,-0.812,87.8,9.6,366,366
NG-BE,Benue,Makurdi,1993,27.714,874.1,-0.363,-42.8,-4.7,365,365
NG-BE,Benue,Makurdi,1994,27.579,1219.3,-0.497,302.4,33.0,365,365
NG-BE,Benue,Makurdi,1995,27.76,1083.1,-0.317,166.2,18.1,365,365
NG-BE,Benue,Makurdi,1996,27.858,1112.0,-0.219,195.1,21.3,366,366
NG-BE,Benue,Makurdi,1997,27.639,922.4,-0.437,5.5,0.6,365,365
NG-BE,Benue,Makurdi,1998,28.507,918.0,0.431,1.1,0.1,365,365
NG-BE,Benue,Makurdi,1999,27.95,1275.6,-0.126,358.7,39.1,365,365
NG-BE,Benue,Makurdi,2000,27.937,903.3,-0.139,-13.6,-1.5,366,366
NG-BE,Benue,Makurdi,2001,27.977,798.4,-0.099,-118.5,-12.9,365,365
NG-BE,Benue,Makurdi,2002,28.119,822.6,0.043,-94.3,-10.3,365,365
NG-BE,Benue,Makurdi,2003,28.373,704.2,0.297,-212.7,-23.2,365,365
NG-BE,Benue,Makurdi,2004,28.295,716.7,0.218,-200.2,-21.8,366,366
NG-BE,Benue,Makurdi,2005,28.674,687.1,0.597,-229.8,-25.1,365,365
NG-BE,Benue,Makurdi,2006,28.757,774.1,0.681,-142.8,-15.6,365,365
NG-BE,Benue,Makurdi,2007,28.175,960.7,0.098,43.8,4.8,365,365
NG-BE,Benue,Makurdi,2008,27.784,987.7,-0.292,70.8,7.7,366,366
NG-BE,Benue,Makurdi,2009,28.326,727.4,0.249,-189.5,-20.7,365,365
NG-BE,Benue,Makurdi,2010,28.596,804.7,0.52,-112.2,-12.2,365,365
NG-BE,Benue,Makurdi,2011,28.076,803.9,-0.001,-113.0,-12.3,365,365
NG-BE,Benue,Makurdi,2012,27.879,1161.5,-0.197,244.6,26.7,366,366
NG-BE,Benue,Makurdi,2013,28.177,784.3,0.101,-132.6,-14.5,365,365
NG-BE,Benue,Makurdi,2014,28.028,949.4,-0.048,32.5,3.5,365,365
NG-BE,Benue,Makurdi,2015,28.261,743.9,0.184,-173.0,-18.9,365,365
NG-BE,Benue,Makurdi,2016,28.29,1160.8,0.214,243.9,26.6,366,366
NG-BE,Benue,Makurdi,2017,28.761,657.2,0.684,-259.7,-28.3,365,365
NG-BE,Benue,Makurdi,2018,28.138,787.7,0.062,-129.2,-14.1,365,365
NG-BE,Benue,Makurdi,2019,27.838,1178.5,-0.239,261.6,28.5,365,365
NG-BE,Benue,Makurdi,2020,27.889,862.6,-0.187,-54.3,-5.9,366,366
NG-BE,Benue,Makurdi,2021,28.202,825.4,0.126,-91.5,-10.0,365,365
NG-BE,Benue,Makurdi,2022,27.352,1171.0,-0.725,254.1,27.7,365,365
NG-BE,Benue,Makurdi,2023,27.801,1053.7,-0.276,136.8,14.9,365,365
NG-BE,Benue,Makurdi,2024,28.623,739.4,0.546,-177.5,-19.4,366,366
NG-BO,Borno,Maiduguri,1990,28.647,333.3,0.724,-110.5,-24.9,365,365
NG-BO,Borno,Maiduguri,1991,27.914,446.7,-0.009,2.9,0.7,365,365
NG-BO,Borno,Maiduguri,1992,27.166,582.6,-0.757,138.8,31.3,366,366
NG-BO,Borno,Maiduguri,1993,28.103,291.9,0.18,-151.9,-34.2,365,365
NG-BO,Borno,Maiduguri,1994,27.471,717.0,-0.452,273.2,61.6,365,365
NG-BO,Borno,Maiduguri,1995,27.624,481.5,-0.299,37.7,8.5,365,365
NG-BO,Borno,Maiduguri,1996,27.834,458.0,-0.089,14.2,3.2,366,366
NG-BO,Borno,Maiduguri,1997,27.856,405.6,-0.067,-38.2,-8.6,365,365
NG-BO,Borno,Maiduguri,1998,28.201,527.0,0.277,83.2,18.8,365,365
NG-BO,Borno,Maiduguri,1999,27.61,572.0,-0.313,128.2,28.9,365,365
NG-BO,Borno,Maiduguri,2000,27.354,411.1,-0.569,-32.7,-7.4,366,366
NG-BO,Borno,Maiduguri,2001,27.487,390.6,-0.436,-53.2,-12.0,365,365
NG-BO,Borno,Maiduguri,2002,28.004,301.0,0.081,-142.8,-32.2,365,365
NG-BO,Borno,Maiduguri,2003,27.864,399.3,-0.059,-44.5,-10.0,365,365
NG-BO,Borno,Maiduguri,2004,27.933,329.1,0.01,-114.7,-25.8,366,366
NG-BO,Borno,Maiduguri,2005,28.301,460.1,0.378,16.3,3.7,365,365
NG-BO,Borno,Maiduguri,2006,28.357,270.5,0.434,-173.3,-39.0,365,365
NG-BO,Borno,Maiduguri,2007,28.107,459.8,0.184,16.0,3.6,365,365
NG-BO,Borno,Maiduguri,2008,27.516,504.4,-0.407,60.6,13.7,366,366
NG-BO,Borno,Maiduguri,2009,28.561,318.8,0.638,-125.0,-28.2,365,365
NG-BO,Borno,Maiduguri,2010,28.673,558.1,0.75,114.3,25.8,365,365
NG-BO,Borno,Maiduguri,2011,28.159,376.6,0.236,-67.2,-15.1,365,365
NG-BO,Borno,Maiduguri,2012,27.838,534.8,-0.085,91.0,20.5,366,366
NG-BO,Borno,Maiduguri,2013,28.422,429.1,0.499,-14.7,-3.3,365,365
NG-BO,Borno,Maiduguri,2014,28.184,411.7,0.261,-32.1,-7.2,365,365
NG-BO,Borno,Maiduguri,2015,28.273,425.5,0.35,-18.3,-4.1,365,365
NG-BO,Borno,Maiduguri,2016,28.222,460.1,0.299,16.3,3.7,366,366
NG-BO,Borno,Maiduguri,2017,27.629,398.9,-0.294,-44.9,-10.1,365,365
NG-BO,Borno,Maiduguri,2018,27.67,444.4,-0.253,0.6,0.1,365,365
NG-BO,Borno,Maiduguri,2019,27.738,526.8,-0.185,83.0,18.7,365,365
NG-BO,Borno,Maiduguri,2020,27.626,419.7,-0.297,-24.1,-5.4,366,366
NG-BO,Borno,Maiduguri,2021,27.894,302.5,-0.029,-141.3,-31.8,365,365
NG-BO,Borno,Maiduguri,2022,27.035,602.0,-0.889,158.2,35.7,365,365
NG-BO,Borno,Maiduguri,2023,28.059,469.6,0.136,25.8,5.8,365,365
NG-BO,Borno,Maiduguri,2024,27.785,772.1,-0.138,328.3,74.0,366,366
NG-BY,Bayelsa,Yenagoa,1990,25.863,3036.5,-0.203,247.6,8.9,365,365
NG-BY,Bayelsa,Yenagoa,1991,25.913,2656.7,-0.152,-132.2,-4.7,365,365
NG-BY,Bayelsa,Yenagoa,1992,25.878,2581.8,-0.188,-207.1,-7.4,366,366
NG-BY,Bayelsa,Yenagoa,1993,25.929,2952.1,-0.137,163.2,5.9,365,365
NG-BY,Bayelsa,Yenagoa,1994,25.879,2613.0,-0.186,-175.9,-6.3,365,365
NG-BY,Bayelsa,Yenagoa,1995,26.033,3064.5,-0.033,275.6,9.9,365,365
NG-BY,Bayelsa,Yenagoa,1996,25.864,2614.2,-0.202,-174.7,-6.3,366,366
NG-BY,Bayelsa,Yenagoa,1997,26.042,2702.3,-0.024,-86.6,-3.1,365,365
NG-BY,Bayelsa,Yenagoa,1998,26.633,2343.8,0.568,-445.1,-16.0,365,365
NG-BY,Bayelsa,Yenagoa,1999,25.699,3102.2,-0.367,313.3,11.2,365,365
NG-BY,Bayelsa,Yenagoa,2000,25.942,2618.9,-0.123,-170.0,-6.1,366,366
NG-BY,Bayelsa,Yenagoa,2001,25.912,2495.5,-0.153,-293.4,-10.5,365,365
NG-BY,Bayelsa,Yenagoa,2002,25.927,2913.9,-0.139,125.0,4.5,365,365
NG-BY,Bayelsa,Yenagoa,2003,26.025,2923.1,-0.041,134.2,4.8,365,365
NG-BY,Bayelsa,Yenagoa,2004,25.946,2917.8,-0.119,128.9,4.6,366,366
NG-BY,Bayelsa,Yenagoa,2005,26.132,2514.1,0.066,-274.8,-9.9,365,365
NG-BY,Bayelsa,Yenagoa,2006,26.088,2759.6,0.023,-29.3,-1.1,365,365
NG-BY,Bayelsa,Yenagoa,2007,26.115,2846.6,0.049,57.7,2.1,365,365
NG-BY,Bayelsa,Yenagoa,2008,25.991,2760.1,-0.075,-28.8,-1.0,366,366
NG-BY,Bayelsa,Yenagoa,2009,25.993,3438.0,-0.073,649.1,23.3,365,365
NG-BY,Bayelsa,Yenagoa,2010,26.456,2767.6,0.391,-21.3,-0.8,365,365
NG-BY,Bayelsa,Yenagoa,2011,26.048,2940.3,-0.017,151.4,5.4,365,365
NG-BY,Bayelsa,Yenagoa,2012,25.9,2786.1,-0.166,-2.8,-0.1,366,366
NG-BY,Bayelsa,Yenagoa,2013,25.927,2967.3,-0.138,178.4,6.4,365,365
NG-BY,Bayelsa,Yenagoa,2014,25.993,2735.0,-0.073,-53.9,-1.9,365,365
NG-BY,Bayelsa,Yenagoa,2015,26.167,2733.3,0.101,-55.6,-2.0,365,365
NG-BY,Bayelsa,Yenagoa,2016,26.554,3336.4,0.488,547.5,19.6,366,366
NG-BY,Bayelsa,Yenagoa,2017,26.28,2572.5,0.214,-216.4,-7.8,365,365
NG-BY,Bayelsa,Yenagoa,2018,26.064,2440.6,-0.002,-348.3,-12.5,365,365
NG-BY,Bayelsa,Yenagoa,2019,26.162,2961.6,0.096,172.7,6.2,365,365
NG-BY,Bayelsa,Yenagoa,2020,26.48,2609.2,0.414,-179.7,-6.4,366,366
NG-BY,Bayelsa,Yenagoa,2021,26.221,2801.6,0.155,12.7,0.5,365,365
NG-BY,Bayelsa,Yenagoa,2022,25.975,2496.7,-0.09,-292.2,-10.5,365,365
NG-BY,Bayelsa,Yenagoa,2023,26.293,2753.6,0.227,-35.3,-1.3,365,365
NG-BY,Bayelsa,Yenagoa,2024,26.927,1947.7,0.861,-841.2,-30.2,366,366
NG-CR,Cross River,Calabar,1990,25.497,3387.9,-0.185,264.1,8.5,365,365
NG-CR,Cross River,Calabar,1991,25.472,3137.5,-0.211,13.7,0.4,365,365
NG-CR,Cross River,Calabar,1992,25.317,3180.7,-0.366,56.9,1.8,366,366
NG-CR,Cross River,Calabar,1993,25.415,3298.6,-0.267,174.8,5.6,365,365
NG-CR,Cross River,Calabar,1994,25.392,3200.9,-0.29,77.1,2.5,365,365
NG-CR,Cross River,Calabar,1995,25.615,3557.0,-0.068,433.2,13.9,365,365
NG-CR,Cross River,Calabar,1996,25.442,2959.3,-0.241,-164.5,-5.3,366,366
NG-CR,Cross River,Calabar,1997,25.614,3096.5,-0.068,-27.3,-0.9,365,365
NG-CR,Cross River,Calabar,1998,26.168,2812.1,0.485,-311.7,-10.0,365,365
NG-CR,Cross River,Calabar,1999,25.256,3317.5,-0.426,193.7,6.2,365,365
NG-CR,Cross River,Calabar,2000,25.495,2934.3,-0.187,-189.5,-6.1,366,366
NG-CR,Cross River,Calabar,2001,25.514,2770.7,-0.169,-353.1,-11.3,365,365
NG-CR,Cross River,Calabar,2002,25.563,3328.8,-0.119,205.0,6.6,365,365
NG-CR,Cross River,Calabar,2003,25.719,2887.4,0.037,-236.4,-7.6,365,365
NG-CR,Cross River,Calabar,2004,25.685,3084.2,0.003,-39.6,-1.3,366,366
NG-CR,Cross River,Calabar,2005,25.756,3012.1,0.073,-111.7,-3.6,365,365
NG-CR,Cross River,Calabar,2006,25.753,2958.3,0.071,-165.5,-5.3,365,365
NG-CR,Cross River,Calabar,2007,25.53,3531.6,-0.152,407.8,13.1,365,365
NG-CR,Cross River,Calabar,2008,25.518,3227.2,-0.164,103.4,3.3,366,366
NG-CR,Cross River,Calabar,2009,25.669,3416.6,-0.013,292.8,9.4,365,365
NG-CR,Cross River,Calabar,2010,26.078,3101.1,0.395,-22.7,-0.7,365,365
NG-CR,Cross River,Calabar,2011,25.595,3188.6,-0.087,64.8,2.1,365,365
NG-CR,Cross River,Calabar,2012,25.492,2885.8,-0.191,-238.0,-7.6,366,366
NG-CR,Cross River,Calabar,2013,25.507,3482.7,-0.175,358.9,11.5,365,365
NG-CR,Cross River,Calabar,2014,25.612,3190.8,-0.07,67.0,2.1,365,365
NG-CR,Cross River,Calabar,2015,25.661,3285.0,-0.021,161.2,5.2,365,365
NG-CR,Cross River,Calabar,2016,26.043,3761.1,0.361,637.3,20.4,366,366
NG-CR,Cross River,Calabar,2017,26.219,2592.4,0.537,-531.4,-17.0,365,365
NG-CR,Cross River,Calabar,2018,26.002,2567.1,0.32,-556.7,-17.8,365,365
NG-CR,Cross River,Calabar,2019,26.047,3684.2,0.364,560.4,17.9,365,365
NG-CR,Cross River,Calabar,2020,26.319,2264.6,0.636,-859.2,-27.5,366,366
NG-CR,Cross River,Calabar,2021,26.225,2655.1,0.542,-468.7,-15.0,365,365
NG-CR,Cross River,Calabar,2022,25.979,2178.6,0.297,-945.2,-30.3,365,365
NG-CR,Cross River,Calabar,2023,26.193,2384.5,0.51,-739.3,-23.7,365,365
NG-CR,Cross River,Calabar,2024,26.747,1872.2,1.065,-1251.6,-40.1,366,366
NG-DE,Delta,Asaba,1990,26.7,1393.8,-0.048,136.5,10.9,365,365
NG-DE,Delta,Asaba,1991,26.488,1254.1,-0.26,-3.2,-0.3,365,365
NG-DE,Delta,Asaba,1992,26.328,1129.6,-0.42,-127.7,-10.2,366,366
NG-DE,Delta,Asaba,1993,26.436,1164.7,-0.312,-92.6,-7.4,365,365
NG-DE,Delta,Asaba,1994,26.371,1246.3,-0.378,-11.0,-0.9,365,365
NG-DE,Delta,Asaba,1995,26.723,1657.2,-0.025,399.9,31.8,365,365
NG-DE,Delta,Asaba,1996,26.628,1317.5,-0.121,60.2,4.8,366,366
NG-DE,Delta,Asaba,1997,26.613,1229.1,-0.135,-28.2,-2.2,365,365
NG-DE,Delta,Asaba,1998,27.399,1000.3,0.65,-257.0,-20.4,365,365
NG-DE,Delta,Asaba,1999,26.373,1358.9,-0.375,101.6,8.1,365,365
NG-DE,Delta,Asaba,2000,26.688,1199.4,-0.06,-57.9,-4.6,366,366
NG-DE,Delta,Asaba,2001,26.622,1080.6,-0.126,-176.7,-14.1,365,365
NG-DE,Delta,Asaba,2002,26.547,1233.6,-0.201,-23.7,-1.9,365,365
NG-DE,Delta,Asaba,2003,26.696,998.9,-0.053,-258.4,-20.6,365,365
NG-DE,Delta,Asaba,2004,26.793,1203.4,0.045,-53.9,-4.3,366,366
NG-DE,Delta,Asaba,2005,26.85,1053.4,0.101,-203.9,-16.2,365,365
NG-DE,Delta,Asaba,2006,26.861,1128.8,0.113,-128.5,-10.2,365,365
NG-DE,Delta,Asaba,2007,26.663,1150.1,-0.085,-107.2,-8.5,365,365
NG-DE,Delta,Asaba,2008,26.62,1278.8,-0.128,21.5,1.7,366,366
NG-DE,Delta,Asaba,2009,26.877,1314.3,0.129,57.0,4.5,365,365
NG-DE,Delta,Asaba,2010,27.319,1281.9,0.571,24.6,2.0,365,365
NG-DE,Delta,Asaba,2011,26.754,1131.7,0.005,-125.6,-10.0,365,365
NG-DE,Delta,Asaba,2012,26.573,1105.0,-0.175,-152.3,-12.1,366,366
NG-DE,Delta,Asaba,2013,26.602,1369.7,-0.146,112.4,8.9,365,365
NG-DE,Delta,Asaba,2014,26.712,1490.7,-0.037,233.4,18.6,365,365
NG-DE,Delta,Asaba,2015,26.878,1160.7,0.129,-96.6,-7.7,365,365
NG-DE,Delta,Asaba,2016,27.18,1288.1,0.431,30.8,2.5,366,366
NG-DE,Delta,Asaba,2017,27.189,1229.4,0.441,-27.9,-2.2,365,365
NG-DE,Delta,Asaba,2018,26.766,1712.6,0.018,455.3,36.2,365,365
NG-DE,Delta,Asaba,2019,26.772,1780.5,0.024,523.2,41.6,365,365
NG-DE,Delta,Asaba,2020,27.131,1169.0,0.382,-88.3,-7.0,366,366
NG-DE,Delta,Asaba,2021,27.144,1648.1,0.395,390.8,31.1,365,365
NG-DE,Delta,Asaba,2022,26.576,1494.8,-0.172,237.5,18.9,365,365
NG-DE,Delta,Asaba,2023,26.964,1528.7,0.216,271.4,21.6,365,365
NG-DE,Delta,Asaba,2024,27.695,1065.0,0.946,-192.3,-15.3,366,366
NG-EB,Ebonyi,Abakaliki,1990,27.369,1472.1,0.015,-49.3,-3.2,365,365
NG-EB,Ebonyi,Abakaliki,1991,27.001,1679.0,-0.353,157.6,10.4,365,365
NG-EB,Ebonyi,Abakaliki,1992,26.867,1588.7,-0.487,67.3,4.4,366,366
NG-EB,Ebonyi,Abakaliki,1993,26.954,1523.6,-0.4,2.2,0.1,365,365
NG-EB,Ebonyi,Abakaliki,1994,27.028,1494.6,-0.326,-26.8,-1.8,365,365
NG-EB,Ebonyi,Abakaliki,1995,27.246,1832.2,-0.108,310.8,20.4,365,365
NG-EB,Ebonyi,Abakaliki,1996,27.204,1754.1,-0.15,232.7,15.3,366,366
NG-EB,Ebonyi,Abakaliki,1997,27.185,1504.5,-0.169,-16.9,-1.1,365,365
NG-EB,Ebonyi,Abakaliki,1998,27.994,1256.7,0.64,-264.7,-17.4,365,365
NG-EB,Ebonyi,Abakaliki,1999,27.042,1592.7,-0.313,71.3,4.7,365,365
NG-EB,Ebonyi,Abakaliki,2000,27.34,1646.1,-0.014,124.7,8.2,366,366
NG-EB,Ebonyi,Abakaliki,2001,27.314,1198.1,-0.04,-323.3,-21.2,365,365
NG-EB,Ebonyi,Abakaliki,2002,27.233,1431.4,-0.121,-90.0,-5.9,365,365
NG-EB,Ebonyi,Abakaliki,2003,27.504,1135.5,0.15,-385.9,-25.4,365,365
NG-EB,Ebonyi,Abakaliki,2004,27.362,1435.8,0.008,-85.6,-5.6,366,366
NG-EB,Ebonyi,Abakaliki,2005,27.601,1201.2,0.247,-320.2,-21.0,365,365
NG-EB,Ebonyi,Abakaliki,2006,27.607,1414.6,0.253,-106.8,-7.0,365,365
NG-EB,Ebonyi,Abakaliki,2007,27.277,1385.1,-0.077,-136.3,-9.0,365,365
NG-EB,Ebonyi,Abakaliki,2008,27.137,1629.5,-0.217,108.1,7.1,366,366
NG-EB,Ebonyi,Abakaliki,2009,27.56,1480.5,0.206,-40.9,-2.7,365,365
NG-EB,Ebonyi,Abakaliki,2010,27.919,1355.9,0.565,-165.5,-10.9,365,365
NG-EB,Ebonyi,Abakaliki,2011,27.406,1443.4,0.052,-78.0,-5.1,365,365
NG-EB,Ebonyi,Abakaliki,2012,27.21,1505.6,-0.144,-15.8,-1.0,366,366
NG-EB,Ebonyi,Abakaliki,2013,27.253,1512.9,-0.101,-8.5,-0.6,365,365
NG-EB,Ebonyi,Abakaliki,2014,27.284,1879.6,-0.07,358.2,23.5,365,365
NG-EB,Ebonyi,Abakaliki,2015,27.581,1556.7,0.227,35.3,2.3,365,365
NG-EB,Ebonyi,Abakaliki,2016,27.768,1768.2,0.414,246.8,16.2,366,366
NG-EB,Ebonyi,Abakaliki,2017,27.768,1365.3,0.414,-156.1,-10.3,365,365
NG-EB,Ebonyi,Abakaliki,2018,27.233,1596.4,-0.121,75.0,4.9,365,365
NG-EB,Ebonyi,Abakaliki,2019,27.068,2078.7,-0.287,557.3,36.6,365,365
NG-EB,Ebonyi,Abakaliki,2020,27.679,1394.1,0.325,-127.3,-8.4,366,366
NG-EB,Ebonyi,Abakaliki,2021,27.603,1300.3,0.249,-221.1,-14.5,365,365
NG-EB,Ebonyi,Abakaliki,2022,27.219,1464.9,-0.135,-56.5,-3.7,365,365
NG-EB,Ebonyi,Abakaliki,2023,27.356,1672.2,0.002,150.8,9.9,365,365
NG-EB,Ebonyi,Abakaliki,2024,28.066,1029.5,0.712,-491.9,-32.3,366,366
NG-ED,Edo,Benin City,1990,25.402,2501.6,-0.182,327.4,15.1,365,365
NG-ED,Edo,Benin City,1991,25.248,2220.7,-0.337,46.5,2.1,365,365
NG-ED,Edo,Benin City,1992,25.268,2230.4,-0.316,56.2,2.6,366,366
NG-ED,Edo,Benin City,1993,25.307,2342.1,-0.277,167.9,7.7,365,365
NG-ED,Edo,Benin City,1994,25.198,2290.7,-0.387,116.5,5.4,365,365
NG-ED,Edo,Benin City,1995,25.526,2409.4,-0.058,235.2,10.8,365,365
NG-ED,Edo,Benin City,1996,25.311,2375.9,-0.273,201.7,9.3,366,366
NG-ED,Edo,Benin City,1997,25.436,2118.6,-0.148,-55.6,-2.6,365,365
NG-ED,Edo,Benin City,1998,26.167,1836.3,0.582,-337.9,-15.5,365,365
NG-ED,Edo,Benin City,1999,25.152,2476.4,-0.432,302.2,13.9,365,365
NG-ED,Edo,Benin City,2000,25.49,2094.2,-0.094,-80.0,-3.7,366,366
NG-ED,Edo,Benin City,2001,25.398,1988.1,-0.186,-186.1,-8.6,365,365
NG-ED,Edo,Benin City,2002,25.338,2365.9,-0.246,191.7,8.8,365,365
NG-ED,Edo,Benin City,2003,25.495,2233.4,-0.089,59.2,2.7,365,365
NG-ED,Edo,Benin City,2004,25.534,2231.5,-0.05,57.3,2.6,366,366
NG-ED,Edo,Benin City,2005,25.63,2145.6,0.046,-28.6,-1.3,365,365
NG-ED,Edo,Benin City,2006,25.582,2452.2,-0.002,278.0,12.8,365,365
NG-ED,Edo,Benin City,2007,25.559,2287.5,-0.026,113.3,5.2,365,365
NG-ED,Edo,Benin City,2008,25.541,2048.1,-0.043,-126.1,-5.8,366,366
NG-ED,Edo,Benin City,2009,25.611,2183.7,0.026,9.5,0.4,365,365
NG-ED,Edo,Benin City,2010,25.999,2243.7,0.414,69.5,3.2,365,365
NG-ED,Edo,Benin City,2011,25.536,2432.0,-0.048,257.8,11.9,365,365
NG-ED,Edo,Benin City,2012,25.355,2105.9,-0.229,-68.3,-3.1,366,366
NG-ED,Edo,Benin City,2013,25.456,2135.1,-0.128,-39.1,-1.8,365,365
NG-ED,Edo,Benin City,2014,25.475,2402.2,-0.109,228.0,10.5,365,365
NG-ED,Edo,Benin City,2015,25.698,2094.4,0.113,-79.8,-3.7,365,365
NG-ED,Edo,Benin City,2016,26.071,2336.2,0.487,162.0,7.5,366,366
NG-ED,Edo,Benin City,2017,26.155,1672.2,0.571,-502.0,-23.1,365,365
NG-ED,Edo,Benin City,2018,25.839,1836.1,0.255,-338.1,-15.5,365,365
NG-ED,Edo,Benin City,2019,25.942,2024.9,0.358,-149.3,-6.9,365,365
NG-ED,Edo,Benin City,2020,26.209,1611.2,0.625,-563.0,-25.9,366,366
NG-ED,Edo,Benin City,2021,26.129,1658.2,0.545,-516.0,-23.7,365,365
NG-ED,Edo,Benin City,2022,25.806,1644.8,0.222,-529.4,-24.3,365,365
NG-ED,Edo,Benin City,2023,26.136,1741.5,0.552,-432.7,-19.9,365,365
NG-ED,Edo,Benin City,2024,26.792,1384.5,1.207,-789.7,-36.3,366,366
NG-EK,Ekiti,Ado-Ekiti,1990,24.786,1298.5,-0.099,-43.4,-3.2,365,365
NG-EK,Ekiti,Ado-Ekiti,1991,24.482,1320.7,-0.402,-21.2,-1.6,365,365
NG-EK,Ekiti,Ado-Ekiti,1992,24.397,1327.9,-0.488,-14.0,-1.0,366,366
NG-EK,Ekiti,Ado-Ekiti,1993,24.522,1360.9,-0.363,19.0,1.4,365,365
NG-EK,Ekiti,Ado-Ekiti,1994,24.392,1432.9,-0.493,91.0,6.8,365,365
NG-EK,Ekiti,Ado-Ekiti,1995,24.837,1652.9,-0.047,311.0,23.2,365,365
NG-EK,Ekiti,Ado-Ekiti,1996,24.653,1410.7,-0.232,68.8,5.1,366,366
NG-EK,Ekiti,Ado-Ekiti,1997,24.642,1322.4,-0.243,-19.5,-1.5,365,365
NG-EK,Ekiti,Ado-Ekiti,1998,25.393,1113.8,0.508,-228.1,-17.0,365,365
NG-EK,Ekiti,Ado-Ekiti,1999,24.503,1709.1,-0.382,367.2,27.4,365,365
NG-EK,Ekiti,Ado-Ekiti,2000,24.878,1286.5,-0.007,-55.4,-4.1,366,366
NG-EK,Ekiti,Ado-Ekiti,2001,24.809,1253.0,-0.075,-88.9,-6.6,365,365
NG-EK,Ekiti,Ado-Ekiti,2002,24.775,1356.8,-0.11,14.9,1.1,365,365
NG-EK,Ekiti,Ado-Ekiti,2003,24.959,1223.2,0.075,-118.7,-8.8,365,365
NG-EK,Ekiti,Ado-Ekiti,2004,24.896,1397.4,0.011,55.5,4.1,366,366
NG-EK,Ekiti,Ado-Ekiti,2005,25.011,1387.3,0.126,45.4,3.4,365,365
NG-EK,Ekiti,Ado-Ekiti,2006,24.918,1467.8,0.033,125.9,9.4,365,365
NG-EK,Ekiti,Ado-Ekiti,2007,24.885,1422.8,-0.0,80.9,6.0,365,365
NG-EK,Ekiti,Ado-Ekiti,2008,24.81,1333.4,-0.075,-8.5,-0.6,366,366
NG-EK,Ekiti,Ado-Ekiti,2009,24.954,1317.7,0.07,-24.2,-1.8,365,365
NG-EK,Ekiti,Ado-Ekiti,2010,25.319,1457.7,0.434,115.8,8.6,365,365
NG-EK,Ekiti,Ado-Ekiti,2011,24.829,1425.8,-0.055,83.9,6.2,365,365
NG-EK,Ekiti,Ado-Ekiti,2012,24.599,1477.1,-0.286,135.2,10.1,366,366
NG-EK,Ekiti,Ado-Ekiti,2013,24.767,1140.8,-0.118,-201.1,-15.0,365,365
NG-EK,Ekiti,Ado-Ekiti,2014,24.799,1512.2,-0.086,170.3,12.7,365,365
NG-EK,Ekiti,Ado-Ekiti,2015,25.027,1338.6,0.142,-3.3,-0.2,365,365
NG-EK,Ekiti,Ado-Ekiti,2016,25.383,1474.6,0.499,132.7,9.9,366,366
NG-EK,Ekiti,Ado-Ekiti,2017,25.468,902.4,0.583,-439.5,-32.8,365,365
NG-EK,Ekiti,Ado-Ekiti,2018,25.035,1240.6,0.15,-101.3,-7.6,365,365
NG-EK,Ekiti,Ado-Ekiti,2019,25.18,1357.4,0.295,15.5,1.2,365,365
NG-EK,Ekiti,Ado-Ekiti,2020,25.422,834.0,0.538,-507.9,-37.9,366,366
NG-EK,Ekiti,Ado-Ekiti,2021,25.508,945.2,0.624,-396.7,-29.6,365,365
NG-EK,Ekiti,Ado-Ekiti,2022,25.03,1051.6,0.145,-290.3,-21.6,365,365
NG-EK,Ekiti,Ado-Ekiti,2023,25.415,1059.8,0.531,-282.1,-21.0,365,365
NG-EK,Ekiti,Ado-Ekiti,2024,25.781,745.5,0.896,-596.4,-44.4,366,366
NG-EN,Enugu,Enugu,1990,26.632,1716.2,-0.004,102.6,6.4,365,365
NG-EN,Enugu,Enugu,1991,26.32,1759.7,-0.315,146.1,9.1,365,365
NG-EN,Enugu,Enugu,1992,26.174,1594.2,-0.461,-19.4,-1.2,366,366
NG-EN,Enugu,Enugu,1993,26.239,1672.2,-0.396,58.6,3.6,365,365
NG-EN,Enugu,Enugu,1994,26.269,1812.1,-0.366,198.5,12.3,365,365
NG-EN,Enugu,Enugu,1995,26.56,2052.7,-0.075,439.1,27.2,365,365
NG-EN,Enugu,Enugu,1996,26.502,1830.3,-0.133,216.7,13.4,366,366
NG-EN,Enugu,Enugu,1997,26.459,1705.8,-0.176,92.2,5.7,365,365
NG-EN,Enugu,Enugu,1998,27.3,1395.2,0.664,-218.4,-13.5,365,365
NG-EN,Enugu,Enugu,1999,26.293,1793.1,-0.342,179.5,11.1,365,365
NG-EN,Enugu,Enugu,2000,26.63,1683.7,-0.005,70.1,4.3,366,366
NG-EN,Enugu,Enugu,2001,26.595,1313.3,-0.04,-300.3,-18.6,365,365
NG-EN,Enugu,Enugu,2002,26.481,1619.9,-0.154,6.3,0.4,365,365
NG-EN,Enugu,Enugu,2003,26.685,1382.2,0.05,-231.4,-14.3,365,365
NG-EN,Enugu,Enugu,2004,26.683,1547.9,0.048,-65.7,-4.1,366,366
NG-EN,Enugu,Enugu,2005,26.83,1542.6,0.195,-71.0,-4.4,365,365
NG-EN,Enugu,Enugu,2006,26.839,1501.4,0.203,-112.2,-7.0,365,365
NG-EN,Enugu,Enugu,2007,26.6,1429.5,-0.035,-184.1,-11.4,365,365
NG-EN,Enugu,Enugu,2008,26.49,1587.7,-0.145,-25.9,-1.6,366,366
NG-EN,Enugu,Enugu,2009,26.828,1656.5,0.193,42.9,2.7,365,365
NG-EN,Enugu,Enugu,2010,27.237,1507.7,0.602,-105.9,-6.6,365,365
NG-EN,Enugu,Enugu,2011,26.648,1624.4,0.013,10.8,0.7,365,365
NG-EN,Enugu,Enugu,2012,26.449,1557.0,-0.187,-56.6,-3.5,366,366
NG-EN,Enugu,Enugu,2013,26.518,1649.1,-0.117,35.5,2.2,365,365
NG-EN,Enugu,Enugu,2014,26.571,1861.0,-0.064,247.4,15.3,365,365
NG-EN,Enugu,Enugu,2015,26.854,1535.2,0.218,-78.4,-4.9,365,365
NG-EN,Enugu,Enugu,2016,27.071,1717.2,0.436,103.6,6.4,366,366
NG-EN,Enugu,Enugu,2017,26.974,1359.2,0.338,-254.4,-15.8,365,365
NG-EN,Enugu,Enugu,2018,26.546,1579.4,-0.089,-34.2,-2.1,365,365
NG-EN,Enugu,Enugu,2019,26.484,1864.9,-0.151,251.3,15.6,365,365
NG-EN,Enugu,Enugu,2020,26.93,1273.2,0.295,-340.4,-21.1,366,366
NG-EN,Enugu,Enugu,2021,26.882,1365.2,0.247,-248.4,-15.4,365,365
NG-EN,Enugu,Enugu,2022,26.459,1476.0,-0.176,-137.6,-8.5,365,365
NG-EN,Enugu,Enugu,2023,26.721,1584.1,0.086,-29.5,-1.8,365,365
NG-EN,Enugu,Enugu,2024,27.393,1076.6,0.758,-537.0,-33.3,366,366
NG-FC,FCT,Abuja,1990,26.539,1326.8,0.096,-50.6,-3.7,365,365
NG-FC,FCT,Abuja,1991,26.142,1554.5,-0.301,177.1,12.9,365,365
NG-FC,FCT,Abuja,1992,25.722,1362.4,-0.721,-15.0,-1.1,366,366
NG-FC,FCT,Abuja,1993,26.142,1492.1,-0.301,114.7,8.3,365,365
NG-FC,FCT,Abuja,1994,26.014,1796.8,-0.429,419.4,30.5,365,365
NG-FC,FCT,Abuja,1995,26.243,1766.1,-0.2,388.7,28.2,365,365
NG-FC,FCT,Abuja,1996,26.367,1480.5,-0.076,103.1,7.5,366,366
NG-FC,FCT,Abuja,1997,26.09,1637.2,-0.352,259.8,18.9,365,365
NG-FC,FCT,Abuja,1998,26.985,1589.3,0.542,211.9,15.4,365,365
NG-FC,FCT,Abuja,1999,26.268,1465.5,-0.175,88.1,6.4,365,365
NG-FC,FCT,Abuja,2000,26.419,1410.4,-0.024,33.0,2.4,366,366
NG-FC,FCT,Abuja,2001,26.444,1180.8,0.001,-196.6,-14.3,365,365
NG-FC,FCT,Abuja,2002,26.399,1376.3,-0.044,-1.1,-0.1,365,365
NG-FC,FCT,Abuja,2003,26.772,1165.2,0.33,-212.2,-15.4,365,365
NG-FC,FCT,Abuja,2004,26.647,1385.9,0.204,8.5,0.6,366,366
NG-FC,FCT,Abuja,2005,27.022,1267.9,0.579,-109.5,-7.9,365,365
NG-FC,FCT,Abuja,2006,26.953,1334.4,0.51,-43.0,-3.1,365,365
NG-FC,FCT,Abuja,2007,26.621,1214.5,0.178,-162.9,-11.8,365,365
NG-FC,FCT,Abuja,2008,26.392,1252.5,-0.051,-124.9,-9.1,366,366
NG-FC,FCT,Abuja,2009,26.644,1453.2,0.201,75.8,5.5,365,365
NG-FC,FCT,Abuja,2010,26.936,1336.6,0.494,-40.8,-3.0,365,365
NG-FC,FCT,Abuja,2011,26.594,1152.6,0.151,-224.8,-16.3,365,365
NG-FC,FCT,Abuja,2012,26.311,1812.1,-0.132,434.7,31.6,366,366
NG-FC,FCT,Abuja,2013,26.548,1468.8,0.105,91.4,6.6,365,365
NG-FC,FCT,Abuja,2014,26.457,1533.0,0.014,155.6,11.3,365,365
NG-FC,FCT,Abuja,2015,26.748,1192.5,0.306,-184.9,-13.4,365,365
NG-FC,FCT,Abuja,2016,26.839,1514.9,0.396,137.5,10.0,366,366
NG-FC,FCT,Abuja,2017,26.547,754.9,0.104,-622.5,-45.2,365,365
NG-FC,FCT,Abuja,2018,25.933,1172.3,-0.51,-205.1,-14.9,365,365
NG-FC,FCT,Abuja,2019,25.867,1280.9,-0.576,-96.5,-7.0,365,365
NG-FC,FCT,Abuja,2020,26.219,917.2,-0.224,-460.2,-33.4,366,366
NG-FC,FCT,Abuja,2021,26.251,761.6,-0.192,-615.8,-44.7,365,365
NG-FC,FCT,Abuja,2022,25.717,1113.9,-0.726,-263.5,-19.1,365,365
NG-FC,FCT,Abuja,2023,26.263,858.5,-0.179,-518.9,-37.7,365,365
NG-FC,FCT,Abuja,2024,26.742,727.4,0.299,-650.0,-47.2,366,366
NG-GO,Gombe,Gombe,1990,27.293,341.2,0.314,-90.0,-20.9,365,365
NG-GO,Gombe,Gombe,1991,26.804,423.7,-0.175,-7.5,-1.7,365,365
NG-GO,Gombe,Gombe,1992,26.11,424.7,-0.869,-6.5,-1.5,366,366
NG-GO,Gombe,Gombe,1993,27.04,297.8,0.061,-133.4,-30.9,365,365
NG-GO,Gombe,Gombe,1994,26.128,672.7,-0.85,241.5,56.0,365,365
NG-GO,Gombe,Gombe,1995,26.535,437.0,-0.444,5.8,1.4,365,365
NG-GO,Gombe,Gombe,1996,26.64,428.8,-0.339,-2.4,-0.5,366,366
NG-GO,Gombe,Gombe,1997,26.913,327.9,-0.066,-103.3,-23.9,365,365
NG-GO,Gombe,Gombe,1998,27.193,439.1,0.214,7.9,1.8,365,365
NG-GO,Gombe,Gombe,1999,26.671,580.6,-0.308,149.4,34.7,365,365
NG-GO,Gombe,Gombe,2000,26.531,355.0,-0.448,-76.2,-17.7,366,366
NG-GO,Gombe,Gombe,2001,26.588,482.7,-0.391,51.5,12.0,365,365
NG-GO,Gombe,Gombe,2002,27.066,201.4,0.087,-229.8,-53.3,365,365
NG-GO,Gombe,Gombe,2003,27.023,403.8,0.044,-27.4,-6.3,365,365
NG-GO,Gombe,Gombe,2004,27.24,276.2,0.261,-155.0,-35.9,366,366
NG-GO,Gombe,Gombe,2005,27.75,372.3,0.771,-58.9,-13.7,365,365
NG-GO,Gombe,Gombe,2006,27.6,274.6,0.621,-156.6,-36.3,365,365
NG-GO,Gombe,Gombe,2007,27.127,410.4,0.148,-20.8,-4.8,365,365
NG-GO,Gombe,Gombe,2008,26.545,510.1,-0.434,78.9,18.3,366,366
NG-GO,Gombe,Gombe,2009,27.703,286.4,0.724,-144.8,-33.6,365,365
NG-GO,Gombe,Gombe,2010,27.614,415.6,0.635,-15.6,-3.6,365,365
NG-GO,Gombe,Gombe,2011,27.152,360.6,0.173,-70.6,-16.4,365,365
NG-GO,Gombe,Gombe,2012,26.589,669.9,-0.39,238.7,55.4,366,366
NG-GO,Gombe,Gombe,2013,27.179,410.3,0.201,-20.9,-4.8,365,365
NG-GO,Gombe,Gombe,2014,27.101,428.1,0.122,-3.1,-0.7,365,365
NG-GO,Gombe,Gombe,2015,27.314,367.2,0.335,-64.0,-14.8,365,365
NG-GO,Gombe,Gombe,2016,27.419,387.6,0.44,-43.6,-10.1,366,366
NG-GO,Gombe,Gombe,2017,26.896,543.7,-0.083,112.5,26.1,365,365
NG-GO,Gombe,Gombe,2018,26.938,482.1,-0.041,50.9,11.8,365,365
NG-GO,Gombe,Gombe,2019,26.966,754.7,-0.013,323.5,75.0,365,365
NG-GO,Gombe,Gombe,2020,27.001,509.7,0.022,78.5,18.2,366,366
NG-GO,Gombe,Gombe,2021,27.224,508.2,0.245,77.0,17.9,365,365
NG-GO,Gombe,Gombe,2022,26.21,629.6,-0.769,198.4,46.0,365,365
NG-GO,Gombe,Gombe,2023,27.061,651.0,0.082,219.8,51.0,365,365
NG-GO,Gombe,Gombe,2024,26.954,621.6,-0.025,190.4,44.2,366,366
NG-IM,Imo,Owerri,1990,25.693,2479.2,-0.142,141.8,6.1,365,365
NG-IM,Imo,Owerri,1991,25.579,2465.5,-0.255,128.1,5.5,365,365
NG-IM,Imo,Owerri,1992,25.528,2325.4,-0.307,-12.0,-0.5,366,366
NG-IM,Imo,Owerri,1993,25.554,2472.9,-0.28,135.5,5.8,365,365
NG-IM,Imo,Owerri,1994,25.523,2381.3,-0.312,43.9,1.9,365,365
NG-IM,Imo,Owerri,1995,25.786,2618.6,-0.048,281.2,12.0,365,365
NG-IM,Imo,Owerri,1996,25.681,2191.9,-0.154,-145.5,-6.2,366,366
NG-IM,Imo,Owerri,1997,25.776,2323.8,-0.059,-13.6,-0.6,365,365
NG-IM,Imo,Owerri,1998,26.424,1989.9,0.589,-347.5,-14.9,365,365
NG-IM,Imo,Owerri,1999,25.39,2452.4,-0.445,115.0,4.9,365,365
NG-IM,Imo,Owerri,2000,25.793,2132.6,-0.041,-204.8,-8.8,366,366
NG-IM,Imo,Owerri,2001,25.704,2165.9,-0.131,-171.5,-7.3,365,365
NG-IM,Imo,Owerri,2002,25.684,2423.4,-0.151,86.0,3.7,365,365
NG-IM,Imo,Owerri,2003,25.764,2289.3,-0.071,-48.1,-2.1,365,365
NG-IM,Imo,Owerri,2004,25.849,2268.6,0.015,-68.8,-2.9,366,366
NG-IM,Imo,Owerri,2005,25.915,2080.6,0.08,-256.8,-11.0,365,365
NG-IM,Imo,Owerri,2006,25.923,2275.3,0.088,-62.1,-2.7,365,365
NG-IM,Imo,Owerri,2007,25.82,2209.5,-0.015,-127.9,-5.5,365,365
NG-IM,Imo,Owerri,2008,25.714,2216.5,-0.12,-120.9,-5.2,366,366
NG-IM,Imo,Owerri,2009,25.885,2470.5,0.051,133.1,5.7,365,365
NG-IM,Imo,Owerri,2010,26.35,2278.8,0.515,-58.6,-2.5,365,365
NG-IM,Imo,Owerri,2011,25.831,2260.2,-0.004,-77.2,-3.3,365,365
NG-IM,Imo,Owerri,2012,25.644,2205.6,-0.191,-131.8,-5.6,366,366
NG-IM,Imo,Owerri,2013,25.627,2492.3,-0.208,154.9,6.6,365,365
NG-IM,Imo,Owerri,2014,25.797,2381.7,-0.037,44.2,1.9,365,365
NG-IM,Imo,Owerri,2015,26.021,2365.4,0.186,28.0,1.2,365,365
NG-IM,Imo,Owerri,2016,26.359,2593.9,0.524,256.5,11.0,366,366
NG-IM,Imo,Owerri,2017,26.189,2368.2,0.355,30.8,1.3,365,365
NG-IM,Imo,Owerri,2018,25.874,2398.2,0.039,60.8,2.6,365,365
NG-IM,Imo,Owerri,2019,25.766,3069.5,-0.068,732.1,31.3,365,365
NG-IM,Imo,Owerri,2020,26.289,1955.8,0.454,-381.6,-16.3,366,366
NG-IM,Imo,Owerri,2021,26.161,2117.8,0.326,-219.6,-9.4,365,365
NG-IM,Imo,Owerri,2022,25.819,2041.1,-0.016,-296.3,-12.7,365,365
NG-IM,Imo,Owerri,2023,26.03,2326.4,0.196,-11.0,-0.5,365,365
NG-IM,Imo,Owerri,2024,26.689,1503.8,0.855,-833.6,-35.7,366,366
NG-JI,Jigawa,Dutse,1990,27.007,520.5,0.282,-84.2,-13.9,365,365
NG-JI,Jigawa,Dutse,1991,26.432,704.9,-0.293,100.2,16.6,365,365
NG-JI,Jigawa,Dutse,1992,25.665,675.7,-1.06,71.0,11.7,366,366
NG-JI,Jigawa,Dutse,1993,26.486,546.3,-0.239,-58.4,-9.7,365,365
NG-JI,Jigawa,Dutse,1994,25.992,689.6,-0.733,84.9,14.0,365,365
NG-JI,Jigawa,Dutse,1995,26.415,564.2,-0.31,-40.5,-6.7,365,365
NG-JI,Jigawa,Dutse,1996,26.599,532.7,-0.126,-72.0,-11.9,366,366
NG-JI,Jigawa,Dutse,1997,26.656,527.3,-0.069,-77.4,-12.8,365,365
NG-JI,Jigawa,Dutse,1998,26.802,752.3,0.077,147.6,24.4,365,365
NG-JI,Jigawa,Dutse,1999,26.47,753.9,-0.255,149.2,24.7,365,365
NG-JI,Jigawa,Dutse,2000,26.067,558.1,-0.658,-46.6,-7.7,366,366
NG-JI,Jigawa,Dutse,2001,26.271,727.8,-0.454,123.1,20.4,365,365
NG-JI,Jigawa,Dutse,2002,26.702,473.7,-0.023,-131.0,-21.7,365,365
NG-JI,Jigawa,Dutse,2003,26.675,642.8,-0.05,38.1,6.3,365,365
NG-JI,Jigawa,Dutse,2004,26.959,540.3,0.234,-64.4,-10.6,366,366
NG-JI,Jigawa,Dutse,2005,27.454,612.3,0.729,7.6,1.3,365,365
NG-JI,Jigawa,Dutse,2006,27.274,553.8,0.549,-50.9,-8.4,365,365
NG-JI,Jigawa,Dutse,2007,27.088,448.5,0.363,-156.2,-25.8,365,365
NG-JI,Jigawa,Dutse,2008,26.475,619.1,-0.25,14.4,2.4,366,366
NG-JI,Jigawa,Dutse,2009,27.47,523.7,0.745,-81.0,-13.4,365,365
NG-JI,Jigawa,Dutse,2010,27.562,705.4,0.837,100.7,16.7,365,365
NG-JI,Jigawa,Dutse,2011,26.923,716.9,0.198,112.2,18.6,365,365
NG-JI,Jigawa,Dutse,2012,26.678,720.2,-0.047,115.5,19.1,366,366
NG-JI,Jigawa,Dutse,2013,27.221,557.3,0.496,-47.4,-7.8,365,365
NG-JI,Jigawa,Dutse,2014,27.035,711.8,0.309,107.1,17.7,365,365
NG-JI,Jigawa,Dutse,2015,26.95,597.0,0.225,-7.7,-1.3,365,365
NG-JI,Jigawa,Dutse,2016,27.267,554.6,0.542,-50.1,-8.3,366,366
NG-JI,Jigawa,Dutse,2017,26.733,457.2,0.008,-147.5,-24.4,365,365
NG-JI,Jigawa,Dutse,2018,26.658,534.1,-0.067,-70.6,-11.7,365,365
NG-JI,Jigawa,Dutse,2019,26.502,582.6,-0.223,-22.1,-3.6,365,365
NG-JI,Jigawa,Dutse,2020,26.275,556.0,-0.45,-48.7,-8.0,366,366
NG-JI,Jigawa,Dutse,2021,26.505,355.8,-0.22,-248.9,-41.2,365,365
NG-JI,Jigawa,Dutse,2022,25.627,821.6,-1.098,216.9,35.9,365,365
NG-JI,Jigawa,Dutse,2023,26.478,526.5,-0.248,-78.2,-12.9,365,365
NG-JI,Jigawa,Dutse,2024,26.296,645.8,-0.429,41.1,6.8,366,366
NG-KD,Kaduna,Kaduna,1990,25.075,750.2,0.145,-182.1,-19.5,365,365
NG-KD,Kaduna,Kaduna,1991,24.746,981.4,-0.183,49.1,5.3,365,365
NG-KD,Kaduna,Kaduna,1992,24.05,894.1,-0.879,-38.2,-4.1,366,366
NG-KD,Kaduna,Kaduna,1993,24.655,977.3,-0.275,45.0,4.8,365,365
NG-KD,Kaduna,Kaduna,1994,24.33,1226.8,-0.6,294.5,31.6,365,365
NG-KD,Kaduna,Kaduna,1995,24.51,1006.7,-0.42,74.4,8.0,365,365
NG-KD,Kaduna,Kaduna,1996,24.864,1008.2,-0.066,75.9,8.1,366,366
NG-KD,Kaduna,Kaduna,1997,24.423,1087.4,-0.506,155.1,16.6,365,365
NG-KD,Kaduna,Kaduna,1998,24.991,1093.6,0.062,161.3,17.3,365,365
NG-KD,Kaduna,Kaduna,1999,24.881,1058.3,-0.049,126.0,13.5,365,365
NG-KD,Kaduna,Kaduna,2000,24.575,829.2,-0.355,-103.1,-11.1,366,366
NG-KD,Kaduna,Kaduna,2001,24.693,929.1,-0.237,-3.2,-0.3,365,365
NG-KD,Kaduna,Kaduna,2002,24.882,817.1,-0.047,-115.2,-12.4,365,365
NG-KD,Kaduna,Kaduna,2003,25.324,801.9,0.394,-130.4,-14.0,365,365
NG-KD,Kaduna,Kaduna,2004,25.305,916.3,0.375,-16.0,-1.7,366,366
NG-KD,Kaduna,Kaduna,2005,25.698,831.6,0.768,-100.7,-10.8,365,365
NG-KD,Kaduna,Kaduna,2006,25.654,828.0,0.725,-104.3,-11.2,365,365
NG-KD,Kaduna,Kaduna,2007,24.957,997.5,0.028,65.2,7.0,365,365
NG-KD,Kaduna,Kaduna,2008,24.655,951.7,-0.275,19.4,2.1,366,366
NG-KD,Kaduna,Kaduna,2009,25.328,900.7,0.399,-31.6,-3.4,365,365
NG-KD,Kaduna,Kaduna,2010,25.338,1048.6,0.408,116.3,12.5,365,365
NG-KD,Kaduna,Kaduna,2011,24.944,786.2,0.015,-146.1,-15.7,365,365
NG-KD,Kaduna,Kaduna,2012,24.776,1140.4,-0.153,208.1,22.3,366,366
NG-KD,Kaduna,Kaduna,2013,24.915,912.6,-0.015,-19.7,-2.1,365,365
NG-KD,Kaduna,Kaduna,2014,24.986,970.9,0.056,38.6,4.1,365,365
NG-KD,Kaduna,Kaduna,2015,25.103,889.3,0.173,-43.0,-4.6,365,365
NG-KD,Kaduna,Kaduna,2016,25.227,1041.1,0.297,108.8,11.7,366,366
NG-KD,Kaduna,Kaduna,2017,25.427,649.8,0.497,-282.5,-30.3,365,365
NG-KD,Kaduna,Kaduna,2018,24.934,840.8,0.004,-91.5,-9.8,365,365
NG-KD,Kaduna,Kaduna,2019,24.788,833.5,-0.141,-98.8,-10.6,365,365
NG-KD,Kaduna,Kaduna,2020,24.935,720.2,0.006,-212.1,-22.8,366,366
NG-KD,Kaduna,Kaduna,2021,25.241,600.5,0.311,-331.8,-35.6,365,365
NG-KD,Kaduna,Kaduna,2022,24.453,959.3,-0.476,27.0,2.9,365,365
NG-KD,Kaduna,Kaduna,2023,25.192,740.1,0.262,-192.2,-20.6,365,365
NG-KD,Kaduna,Kaduna,2024,25.28,713.8,0.351,-218.5,-23.4,366,366
NG-KE,Kebbi,Birnin Kebbi,1990,29.418,293.3,0.392,-163.3,-35.8,365,365
NG-KE,Kebbi,Birnin Kebbi,1991,28.782,545.4,-0.244,88.8,19.4,365,365
NG-KE,Kebbi,Birnin Kebbi,1992,28.381,403.7,-0.646,-52.9,-11.6,366,366
NG-KE,Kebbi,Birnin Kebbi,1993,29.119,318.3,0.093,-138.3,-30.3,365,365
NG-KE,Kebbi,Birnin Kebbi,1994,28.228,595.5,-0.799,138.9,30.4,365,365
NG-KE,Kebbi,Birnin Kebbi,1995,29.107,439.4,0.08,-17.2,-3.8,365,365
NG-KE,Kebbi,Birnin Kebbi,1996,29.213,398.9,0.186,-57.7,-12.6,366,366
NG-KE,Kebbi,Birnin Kebbi,1997,29.116,355.6,0.09,-101.0,-22.1,365,365
NG-KE,Kebbi,Birnin Kebbi,1998,28.974,634.7,-0.052,178.1,39.0,365,365
NG-KE,Kebbi,Birnin Kebbi,1999,28.789,524.1,-0.237,67.5,14.8,365,365
NG-KE,Kebbi,Birnin Kebbi,2000,28.487,422.2,-0.54,-34.4,-7.5,366,366
NG-KE,Kebbi,Birnin Kebbi,2001,28.897,350.2,-0.129,-106.4,-23.3,365,365
NG-KE,Kebbi,Birnin Kebbi,2002,28.887,520.3,-0.139,63.7,13.9,365,365
NG-KE,Kebbi,Birnin Kebbi,2003,29.293,392.5,0.267,-64.1,-14.0,365,365
NG-KE,Kebbi,Birnin Kebbi,2004,29.437,336.6,0.41,-120.0,-26.3,366,366
NG-KE,Kebbi,Birnin Kebbi,2005,29.624,394.6,0.597,-62.0,-13.6,365,365
NG-KE,Kebbi,Birnin Kebbi,2006,29.54,404.4,0.514,-52.2,-11.4,365,365
NG-KE,Kebbi,Birnin Kebbi,2007,29.076,468.6,0.05,12.0,2.6,365,365
NG-KE,Kebbi,Birnin Kebbi,2008,28.821,390.2,-0.205,-66.4,-14.5,366,366
NG-KE,Kebbi,Birnin Kebbi,2009,29.78,405.7,0.754,-50.9,-11.2,365,365
NG-KE,Kebbi,Birnin Kebbi,2010,29.406,488.0,0.38,31.4,6.9,365,365
NG-KE,Kebbi,Birnin Kebbi,2011,29.613,235.3,0.587,-221.3,-48.5,365,365
NG-KE,Kebbi,Birnin Kebbi,2012,29.09,555.2,0.064,98.6,21.6,366,366
NG-KE,Kebbi,Birnin Kebbi,2013,29.347,495.7,0.321,39.1,8.6,365,365
NG-KE,Kebbi,Birnin Kebbi,2014,29.174,565.7,0.147,109.1,23.9,365,365
NG-KE,Kebbi,Birnin Kebbi,2015,29.179,439.3,0.153,-17.3,-3.8,365,365
NG-KE,Kebbi,Birnin Kebbi,2016,29.465,506.0,0.439,49.4,10.8,366,366
NG-KE,Kebbi,Birnin Kebbi,2017,28.881,461.4,-0.146,4.8,1.0,365,365
NG-KE,Kebbi,Birnin Kebbi,2018,28.501,570.8,-0.525,114.2,25.0,365,365
NG-KE,Kebbi,Birnin Kebbi,2019,28.425,506.4,-0.601,49.8,10.9,365,365
NG-KE,Kebbi,Birnin Kebbi,2020,28.159,573.8,-0.867,117.2,25.7,366,366
NG-KE,Kebbi,Birnin Kebbi,2021,28.658,302.7,-0.368,-153.9,-33.7,365,365
NG-KE,Kebbi,Birnin Kebbi,2022,27.811,665.5,-1.215,208.9,45.7,365,365
NG-KE,Kebbi,Birnin Kebbi,2023,28.752,468.0,-0.274,11.4,2.5,365,365
NG-KE,Kebbi,Birnin Kebbi,2024,28.353,704.1,-0.673,247.5,54.2,366,366
NG-KN,Kano,Kano,1990,26.299,605.2,0.192,-28.6,-4.5,365,365
NG-KN,Kano,Kano,1991,25.777,784.5,-0.33,150.7,23.8,365,365
NG-KN,Kano,Kano,1992,25.095,763.3,-1.013,129.5,20.4,366,366
NG-KN,Kano,Kano,1993,25.769,608.2,-0.338,-25.6,-4.0,365,365
NG-KN,Kano,Kano,1994,25.439,680.8,-0.668,47.0,7.4,365,365
NG-KN,Kano,Kano,1995,25.799,641.8,-0.308,8.0,1.3,365,365
NG-KN,Kano,Kano,1996,25.915,515.2,-0.192,-118.6,-18.7,366,366
NG-KN,Kano,Kano,1997,26.103,576.2,-0.004,-57.6,-9.1,365,365
NG-KN,Kano,Kano,1998,26.291,765.8,0.184,132.0,20.8,365,365
NG-KN,Kano,Kano,1999,25.918,757.7,-0.189,123.9,19.5,365,365
NG-KN,Kano,Kano,2000,25.496,570.9,-0.611,-62.9,-9.9,366,366
NG-KN,Kano,Kano,2001,25.624,729.1,-0.483,95.3,15.0,365,365
NG-KN,Kano,Kano,2002,26.164,495.6,0.057,-138.2,-21.8,365,365
NG-KN,Kano,Kano,2003,26.01,748.2,-0.097,114.4,18.0,365,365
NG-KN,Kano,Kano,2004,26.295,514.9,0.187,-118.9,-18.8,366,366
NG-KN,Kano,Kano,2005,26.801,595.9,0.694,-37.9,-6.0,365,365
NG-KN,Kano,Kano,2006,26.546,584.2,0.439,-49.6,-7.8,365,365
NG-KN,Kano,Kano,2007,26.39,516.9,0.283,-116.9,-18.4,365,365
NG-KN,Kano,Kano,2008,25.89,625.6,-0.217,-8.2,-1.3,366,366
NG-KN,Kano,Kano,2009,26.904,551.9,0.797,-81.9,-12.9,365,365
NG-KN,Kano,Kano,2010,26.867,705.7,0.759,71.9,11.3,365,365
NG-KN,Kano,Kano,2011,26.211,765.3,0.104,131.5,20.7,365,365
NG-KN,Kano,Kano,2012,26.034,800.0,-0.073,166.2,26.2,366,366
NG-KN,Kano,Kano,2013,26.423,624.7,0.316,-9.1,-1.4,365,365
NG-KN,Kano,Kano,2014,26.415,725.9,0.307,92.1,14.5,365,365
NG-KN,Kano,Kano,2015,26.299,654.3,0.192,20.5,3.2,365,365
NG-KN,Kano,Kano,2016,26.673,591.0,0.566,-42.8,-6.8,366,366
NG-KN,Kano,Kano,2017,26.032,459.8,-0.075,-174.0,-27.5,365,365
NG-KN,Kano,Kano,2018,26.018,522.9,-0.089,-110.9,-17.5,365,365
NG-KN,Kano,Kano,2019,25.987,564.6,-0.12,-69.2,-10.9,365,365
NG-KN,Kano,Kano,2020,26.034,573.3,-0.074,-60.5,-9.5,366,366
NG-KN,Kano,Kano,2021,26.184,367.3,0.076,-266.5,-42.0,365,365
NG-KN,Kano,Kano,2022,25.303,767.1,-0.804,133.3,21.0,365,365
NG-KN,Kano,Kano,2023,26.154,623.8,0.047,-10.0,-1.6,365,365
NG-KN,Kano,Kano,2024,26.232,504.0,0.125,-129.8,-20.5,366,366
NG-KO,Kogi,Lokoja,1990,28.33,758.7,0.066,-62.0,-7.6,365,365
NG-KO,Kogi,Lokoja,1991,28.012,991.5,-0.252,170.8,20.8,365,365
NG-KO,Kogi,Lokoja,1992,27.596,732.7,-0.668,-88.0,-10.7,366,366
NG-KO,Kogi,Lokoja,1993,27.979,734.2,-0.285,-86.5,-10.5,365,365
NG-KO,Kogi,Lokoja,1994,27.838,1141.0,-0.426,320.3,39.0,365,365
NG-KO,Kogi,Lokoja,1995,28.121,877.5,-0.143,56.8,6.9,365,365
NG-KO,Kogi,Lokoja,1996,28.154,1043.2,-0.11,222.5,27.1,366,366
NG-KO,Kogi,Lokoja,1997,27.963,772.5,-0.301,-48.2,-5.9,365,365
NG-KO,Kogi,Lokoja,1998,28.879,719.3,0.615,-101.4,-12.4,365,365
NG-KO,Kogi,Lokoja,1999,28.042,929.8,-0.222,109.1,13.3,365,365
NG-KO,Kogi,Lokoja,2000,28.2,1014.8,-0.064,194.1,23.7,366,366
NG-KO,Kogi,Lokoja,2001,28.13,642.3,-0.134,-178.4,-21.7,365,365
NG-KO,Kogi,Lokoja,2002,28.121,867.7,-0.143,47.0,5.7,365,365
NG-KO,Kogi,Lokoja,2003,28.616,527.6,0.352,-293.1,-35.7,365,365
NG-KO,Kogi,Lokoja,2004,28.6,628.2,0.336,-192.5,-23.5,366,366
NG-KO,Kogi,Lokoja,2005,28.61,761.5,0.346,-59.2,-7.2,365,365
NG-KO,Kogi,Lokoja,2006,28.629,892.7,0.365,72.0,8.8,365,365
NG-KO,Kogi,Lokoja,2007,28.211,788.2,-0.053,-32.5,-4.0,365,365
NG-KO,Kogi,Lokoja,2008,28.099,924.1,-0.165,103.4,12.6,366,366
NG-KO,Kogi,Lokoja,2009,28.516,664.7,0.252,-156.0,-19.0,365,365
NG-KO,Kogi,Lokoja,2010,28.664,1012.6,0.4,191.9,23.4,365,365
NG-KO,Kogi,Lokoja,2011,28.218,655.9,-0.046,-164.8,-20.1,365,365
NG-KO,Kogi,Lokoja,2012,28.108,913.1,-0.156,92.4,11.3,366,366
NG-KO,Kogi,Lokoja,2013,28.295,813.7,0.03,-7.0,-0.9,365,365
NG-KO,Kogi,Lokoja,2014,28.247,969.7,-0.017,149.0,18.2,365,365
NG-KO,Kogi,Lokoja,2015,28.364,657.0,0.1,-163.7,-19.9,365,365
NG-KO,Kogi,Lokoja,2016,28.622,793.5,0.358,-27.2,-3.3,366,366
NG-KO,Kogi,Lokoja,2017,28.738,557.9,0.474,-262.8,-32.0,365,365
NG-KO,Kogi,Lokoja,2018,28.115,813.8,-0.149,-6.9,-0.8,365,365
NG-KO,Kogi,Lokoja,2019,28.051,1014.0,-0.213,193.3,23.6,365,365
NG-KO,Kogi,Lokoja,2020,28.184,765.8,-0.08,-54.9,-6.7,366,366
NG-KO,Kogi,Lokoja,2021,28.338,620.3,0.074,-200.4,-24.4,365,365
NG-KO,Kogi,Lokoja,2022,27.576,935.5,-0.688,114.8,14.0,365,365
NG-KO,Kogi,Lokoja,2023,28.207,876.4,-0.057,55.7,6.8,365,365
NG-KO,Kogi,Lokoja,2024,28.533,657.9,0.269,-162.8,-19.8,366,366
NG-KT,Katsina,Katsina,1990,26.856,313.6,0.328,-108.2,-25.7,365,365
NG-KT,Katsina,Katsina,1991,26.177,466.3,-0.351,44.5,10.5,365,365
NG-KT,Katsina,Katsina,1992,25.605,396.6,-0.923,-25.2,-6.0,366,366
NG-KT,Katsina,Katsina,1993,26.366,327.2,-0.162,-94.6,-22.4,365,365
NG-KT,Katsina,Katsina,1994,25.8,529.0,-0.728,107.2,25.4,365,365
NG-KT,Katsina,Katsina,1995,26.171,417.8,-0.357,-4.0,-1.0,365,365
NG-KT,Katsina,Katsina,1996,26.54,349.5,0.012,-72.3,-17.1,366,366
NG-KT,Katsina,Katsina,1997,26.492,388.7,-0.036,-33.1,-7.9,365,365
NG-KT,Katsina,Katsina,1998,26.526,539.7,-0.002,117.9,27.9,365,365
NG-KT,Katsina,Katsina,1999,26.318,512.0,-0.21,90.2,21.4,365,365
NG-KT,Katsina,Katsina,2000,26.088,301.7,-0.44,-120.1,-28.5,366,366
NG-KT,Katsina,Katsina,2001,26.244,350.8,-0.284,-71.0,-16.8,365,365
NG-KT,Katsina,Katsina,2002,26.576,390.3,0.048,-31.5,-7.5,365,365
NG-KT,Katsina,Katsina,2003,26.482,426.4,-0.045,4.6,1.1,365,365
NG-KT,Katsina,Katsina,2004,26.837,439.5,0.309,17.7,4.2,366,366
NG-KT,Katsina,Katsina,2005,27.077,431.7,0.549,9.9,2.3,365,365
NG-KT,Katsina,Katsina,2006,27.028,360.8,0.5,-61.0,-14.5,365,365
NG-KT,Katsina,Katsina,2007,26.769,347.2,0.241,-74.6,-17.7,365,365
NG-KT,Katsina,Katsina,2008,26.215,407.7,-0.313,-14.1,-3.3,366,366
NG-KT,Katsina,Katsina,2009,27.452,326.4,0.924,-95.4,-22.6,365,365
NG-KT,Katsina,Katsina,2010,27.251,471.0,0.723,49.2,11.7,365,365
NG-KT,Katsina,Katsina,2011,26.84,402.7,0.312,-19.1,-4.5,365,365
NG-KT,Katsina,Katsina,2012,26.448,478.0,-0.08,56.2,13.3,366,366
NG-KT,Katsina,Katsina,2013,27.076,428.8,0.549,7.0,1.7,365,365
NG-KT,Katsina,Katsina,2014,26.991,393.4,0.463,-28.4,-6.7,365,365
NG-KT,Katsina,Katsina,2015,26.753,463.1,0.225,41.3,9.8,365,365
NG-KT,Katsina,Katsina,2016,27.222,496.4,0.694,74.6,17.7,366,366
NG-KT,Katsina,Katsina,2017,26.102,505.4,-0.426,83.6,19.8,365,365
NG-KT,Katsina,Katsina,2018,26.057,414.7,-0.471,-7.1,-1.7,365,365
NG-KT,Katsina,Katsina,2019,26.219,428.1,-0.308,6.3,1.5,365,365
NG-KT,Katsina,Katsina,2020,26.119,463.6,-0.409,41.8,9.9,366,366
NG-KT,Katsina,Katsina,2021,26.418,319.2,-0.11,-102.6,-24.3,365,365
NG-KT,Katsina,Katsina,2022,25.464,543.7,-1.064,121.9,28.9,365,365
NG-KT,Katsina,Katsina,2023,26.408,389.7,-0.119,-32.1,-7.6,365,365
NG-KT,Katsina,Katsina,2024,26.282,504.7,-0.246,82.9,19.6,366,366
NG-KW,Kwara,Ilorin,1990,26.558,765.4,-0.014,-24.0,-3.0,365,365
NG-KW,Kwara,Ilorin,1991,26.239,919.8,-0.332,130.4,16.5,365,365
NG-KW,Kwara,Ilorin,1992,25.898,864.1,-0.673,74.7,9.5,366,366
NG-KW,Kwara,Ilorin,1993,26.245,741.7,-0.326,-47.7,-6.0,365,365
NG-KW,Kwara,Ilorin,1994,26.088,845.2,-0.483,55.8,7.1,365,365
NG-KW,Kwara,Ilorin,1995,26.324,870.9,-0.248,81.5,10.3,365,365
NG-KW,Kwara,Ilorin,1996,26.389,851.4,-0.182,62.0,7.9,366,366
NG-KW,Kwara,Ilorin,1997,26.163,809.7,-0.408,20.3,2.6,365,365
NG-KW,Kwara,Ilorin,1998,26.846,854.0,0.275,64.6,8.2,365,365
NG-KW,Kwara,Ilorin,1999,26.285,913.9,-0.286,124.5,15.8,365,365
NG-KW,Kwara,Ilorin,2000,26.199,877.8,-0.373,88.4,11.2,366,366
NG-KW,Kwara,Ilorin,2001,26.453,579.3,-0.118,-210.1,-26.6,365,365
NG-KW,Kwara,Ilorin,2002,26.382,931.8,-0.19,142.4,18.0,365,365
NG-KW,Kwara,Ilorin,2003,26.893,722.7,0.322,-66.7,-8.5,365,365
NG-KW,Kwara,Ilorin,2004,26.851,616.1,0.28,-173.3,-22.0,366,366
NG-KW,Kwara,Ilorin,2005,26.924,665.0,0.352,-124.4,-15.8,365,365
NG-KW,Kwara,Ilorin,2006,26.859,726.5,0.288,-62.9,-8.0,365,365
NG-KW,Kwara,Ilorin,2007,26.576,833.7,0.005,44.3,5.6,365,365
NG-KW,Kwara,Ilorin,2008,26.297,808.7,-0.275,19.3,2.4,366,366
NG-KW,Kwara,Ilorin,2009,26.778,588.9,0.207,-200.5,-25.4,365,365
NG-KW,Kwara,Ilorin,2010,26.829,818.1,0.258,28.7,3.6,365,365
NG-KW,Kwara,Ilorin,2011,26.461,663.2,-0.11,-126.2,-16.0,365,365
NG-KW,Kwara,Ilorin,2012,26.309,905.2,-0.262,115.8,14.7,366,366
NG-KW,Kwara,Ilorin,2013,26.835,669.9,0.264,-119.5,-15.1,365,365
NG-KW,Kwara,Ilorin,2014,26.628,864.0,0.057,74.6,9.4,365,365
NG-KW,Kwara,Ilorin,2015,26.808,700.0,0.237,-89.4,-11.3,365,365
NG-KW,Kwara,Ilorin,2016,26.852,1049.5,0.281,260.1,32.9,366,366
NG-KW,Kwara,Ilorin,2017,27.33,633.5,0.758,-155.9,-19.8,365,365
NG-KW,Kwara,Ilorin,2018,26.599,847.0,0.028,57.6,7.3,365,365
NG-KW,Kwara,Ilorin,2019,26.707,1000.1,0.135,210.7,26.7,365,365
NG-KW,Kwara,Ilorin,2020,27.092,511.0,0.521,-278.4,-35.3,366,366
NG-KW,Kwara,Ilorin,2021,27.23,438.5,0.659,-350.9,-44.5,365,365
NG-KW,Kwara,Ilorin,2022,26.595,860.0,0.024,70.6,8.9,365,365
NG-KW,Kwara,Ilorin,2023,27.035,646.5,0.463,-142.9,-18.1,365,365
NG-KW,Kwara,Ilorin,2024,27.544,676.5,0.973,-112.9,-14.3,366,366
NG-LA,Lagos,Ikeja,1990,26.1,1397.5,-0.172,-106.6,-7.1,365,365
NG-LA,Lagos,Ikeja,1991,25.969,1663.1,-0.303,159.0,10.6,365,365
NG-LA,Lagos,Ikeja,1992,25.883,1346.1,-0.389,-158.0,-10.5,366,366
NG-LA,Lagos,Ikeja,1993,26.047,1438.2,-0.225,-65.9,-4.4,365,365
NG-LA,Lagos,Ikeja,1994,25.899,1477.1,-0.373,-27.0,-1.8,365,365
NG-LA,Lagos,Ikeja,1995,26.273,1624.0,0.001,119.9,8.0,365,365
NG-LA,Lagos,Ikeja,1996,26.063,1811.1,-0.209,307.0,20.4,366,366
NG-LA,Lagos,Ikeja,1997,26.079,1453.9,-0.193,-50.2,-3.3,365,365
NG-LA,Lagos,Ikeja,1998,26.658,1273.9,0.386,-230.2,-15.3,365,365
NG-LA,Lagos,Ikeja,1999,26.004,1827.5,-0.268,323.4,21.5,365,365
NG-LA,Lagos,Ikeja,2000,26.172,1469.2,-0.1,-34.9,-2.3,366,366
NG-LA,Lagos,Ikeja,2001,26.07,1388.5,-0.202,-115.6,-7.7,365,365
NG-LA,Lagos,Ikeja,2002,26.109,1481.8,-0.163,-22.3,-1.5,365,365
NG-LA,Lagos,Ikeja,2003,26.375,1387.5,0.103,-116.6,-7.8,365,365
NG-LA,Lagos,Ikeja,2004,26.179,1441.3,-0.093,-62.8,-4.2,366,366
NG-LA,Lagos,Ikeja,2005,26.349,1335.3,0.077,-168.8,-11.2,365,365
NG-LA,Lagos,Ikeja,2006,26.368,1688.5,0.096,184.4,12.3,365,365
NG-LA,Lagos,Ikeja,2007,26.256,1729.9,-0.016,225.8,15.0,365,365
NG-LA,Lagos,Ikeja,2008,26.191,1543.7,-0.081,39.6,2.6,366,366
NG-LA,Lagos,Ikeja,2009,26.404,1361.3,0.132,-142.8,-9.5,365,365
NG-LA,Lagos,Ikeja,2010,26.675,1485.0,0.403,-19.1,-1.3,365,365
NG-LA,Lagos,Ikeja,2011,26.193,1366.3,-0.079,-137.8,-9.2,365,365
NG-LA,Lagos,Ikeja,2012,26.077,1664.7,-0.196,160.6,10.7,366,366
NG-LA,Lagos,Ikeja,2013,26.256,1176.5,-0.016,-327.6,-21.8,365,365
NG-LA,Lagos,Ikeja,2014,26.227,1675.0,-0.045,170.9,11.4,365,365
NG-LA,Lagos,Ikeja,2015,26.272,1261.0,0.0,-243.1,-16.2,365,365
NG-LA,Lagos,Ikeja,2016,26.62,1552.1,0.348,48.0,3.2,366,366
NG-LA,Lagos,Ikeja,2017,26.643,1691.9,0.371,187.8,12.5,365,365
NG-LA,Lagos,Ikeja,2018,26.515,1538.3,0.243,34.2,2.3,365,365
NG-LA,Lagos,Ikeja,2019,26.651,1701.3,0.379,197.2,13.1,365,365
NG-LA,Lagos,Ikeja,2020,26.684,1268.1,0.412,-236.0,-15.7,366,366
NG-LA,Lagos,Ikeja,2021,26.768,1414.5,0.496,-89.6,-6.0,365,365
NG-LA,Lagos,Ikeja,2022,26.262,1290.4,-0.01,-213.7,-14.2,365,365
NG-LA,Lagos,Ikeja,2023,26.666,1535.6,0.394,31.5,2.1,365,365
NG-LA,Lagos,Ikeja,2024,27.167,1193.3,0.895,-310.8,-20.7,366,366
NG-NA,Nasarawa,Lafia,1990,27.91,946.5,0.007,-47.2,-4.7,365,365
NG-NA,Nasarawa,Lafia,1991,27.513,1238.1,-0.39,244.4,24.6,365,365
NG-NA,Nasarawa,Lafia,1992,27.028,907.9,-0.875,-85.8,-8.6,366,366
NG-NA,Nasarawa,Lafia,1993,27.599,931.4,-0.303,-62.3,-6.3,365,365
NG-NA,Nasarawa,Lafia,1994,27.405,1254.5,-0.497,260.8,26.3,365,365
NG-NA,Nasarawa,Lafia,1995,27.633,1214.7,-0.269,221.0,22.2,365,365
NG-NA,Nasarawa,Lafia,1996,27.744,1235.3,-0.159,241.6,24.3,366,366
NG-NA,Nasarawa,Lafia,1997,27.487,999.4,-0.415,5.7,0.6,365,365
NG-NA,Nasarawa,Lafia,1998,28.324,1097.9,0.421,104.2,10.5,365,365
NG-NA,Nasarawa,Lafia,1999,27.781,1125.3,-0.122,131.6,13.2,365,365
NG-NA,Nasarawa,Lafia,2000,27.798,937.1,-0.105,-56.6,-5.7,366,366
NG-NA,Nasarawa,Lafia,2001,27.87,929.6,-0.033,-64.1,-6.4,365,365
NG-NA,Nasarawa,Lafia,2002,27.927,920.8,0.024,-72.9,-7.3,365,365
NG-NA,Nasarawa,Lafia,2003,28.287,845.6,0.385,-148.1,-14.9,365,365
NG-NA,Nasarawa,Lafia,2004,28.101,802.2,0.199,-191.5,-19.3,366,366
NG-NA,Nasarawa,Lafia,2005,28.462,825.8,0.559,-167.9,-16.9,365,365
NG-NA,Nasarawa,Lafia,2006,28.555,924.4,0.652,-69.3,-7.0,365,365
NG-NA,Nasarawa,Lafia,2007,28.02,805.4,0.117,-188.3,-18.9,365,365
NG-NA,Nasarawa,Lafia,2008,27.679,1101.7,-0.223,108.0,10.9,366,366
NG-NA,Nasarawa,Lafia,2009,28.12,913.0,0.217,-80.7,-8.1,365,365
NG-NA,Nasarawa,Lafia,2010,28.357,989.8,0.454,-3.9,-0.4,365,365
NG-NA,Nasarawa,Lafia,2011,27.979,876.3,0.076,-117.4,-11.8,365,365
NG-NA,Nasarawa,Lafia,2012,27.696,1210.1,-0.207,216.4,21.8,366,366
NG-NA,Nasarawa,Lafia,2013,28.038,976.7,0.135,-17.0,-1.7,365,365
NG-NA,Nasarawa,Lafia,2014,27.88,1119.2,-0.022,125.5,12.6,365,365
NG-NA,Nasarawa,Lafia,2015,28.032,753.3,0.13,-240.4,-24.2,365,365
NG-NA,Nasarawa,Lafia,2016,28.083,1152.8,0.18,159.1,16.0,366,366
NG-NA,Nasarawa,Lafia,2017,28.332,732.2,0.429,-261.5,-26.3,365,365
NG-NA,Nasarawa,Lafia,2018,27.875,882.6,-0.028,-111.1,-11.2,365,365
NG-NA,Nasarawa,Lafia,2019,27.517,1363.6,-0.386,369.9,37.2,365,365
NG-NA,Nasarawa,Lafia,2020,27.962,743.1,0.059,-250.6,-25.2,366,366
NG-NA,Nasarawa,Lafia,2021,28.078,732.7,0.175,-261.0,-26.3,365,365
NG-NA,Nasarawa,Lafia,2022,27.391,1098.4,-0.512,104.7,10.5,365,365
NG-NA,Nasarawa,Lafia,2023,27.644,978.4,-0.258,-15.3,-1.5,365,365
NG-NA,Nasarawa,Lafia,2024,28.087,826.3,0.184,-167.4,-16.8,366,366
NG-NI,Niger,Minna,1990,27.835,1100.4,0.088,16.5,1.5,365,365
NG-NI,Niger,Minna,1991,27.435,1466.9,-0.313,383.0,35.3,365,365
NG-NI,Niger,Minna,1992,27.136,991.4,-0.612,-92.5,-8.5,366,366
NG-NI,Niger,Minna,1993,27.544,1068.6,-0.204,-15.3,-1.4,365,365
NG-NI,Niger,Minna,1994,27.21,1467.1,-0.538,383.2,35.4,365,365
NG-NI,Niger,Minna,1995,27.549,1266.6,-0.199,182.7,16.9,365,365
NG-NI,Niger,Minna,1996,27.714,1292.6,-0.033,208.7,19.3,366,366
NG-NI,Niger,Minna,1997,27.193,1262.3,-0.555,178.4,16.5,365,365
NG-NI,Niger,Minna,1998,27.956,1214.4,0.208,130.5,12.0,365,365
NG-NI,Niger,Minna,1999,27.533,1378.9,-0.215,295.0,27.2,365,365
NG-NI,Niger,Minna,2000,27.572,1200.9,-0.176,117.0,10.8,366,366
NG-NI,Niger,Minna,2001,27.655,1060.9,-0.093,-23.0,-2.1,365,365
NG-NI,Niger,Minna,2002,27.61,1124.2,-0.138,40.3,3.7,365,365
NG-NI,Niger,Minna,2003,28.037,1018.1,0.289,-65.8,-6.1,365,365
NG-NI,Niger,Minna,2004,28.088,852.2,0.34,-231.7,-21.4,366,366
NG-NI,Niger,Minna,2005,28.273,896.7,0.525,-187.2,-17.3,365,365
NG-NI,Niger,Minna,2006,28.335,920.8,0.587,-163.1,-15.0,365,365
NG-NI,Niger,Minna,2007,27.963,993.0,0.215,-90.9,-8.4,365,365
NG-NI,Niger,Minna,2008,27.569,1022.8,-0.179,-61.1,-5.6,366,366
NG-NI,Niger,Minna,2009,27.971,977.6,0.223,-106.3,-9.8,365,365
NG-NI,Niger,Minna,2010,28.084,1047.8,0.337,-36.1,-3.3,365,365
NG-NI,Niger,Minna,2011,27.727,912.9,-0.021,-171.0,-15.8,365,365
NG-NI,Niger,Minna,2012,27.489,1446.8,-0.259,362.9,33.5,366,366
NG-NI,Niger,Minna,2013,27.843,987.2,0.096,-96.7,-8.9,365,365
NG-NI,Niger,Minna,2014,27.815,1112.0,0.068,28.1,2.6,365,365
NG-NI,Niger,Minna,2015,27.964,1117.0,0.216,33.1,3.1,365,365
NG-NI,Niger,Minna,2016,28.19,1180.9,0.442,97.0,8.9,366,366
NG-NI,Niger,Minna,2017,28.213,560.3,0.465,-523.6,-48.3,365,365
NG-NI,Niger,Minna,2018,27.608,958.0,-0.14,-125.9,-11.6,365,365
NG-NI,Niger,Minna,2019,27.458,901.2,-0.29,-182.7,-16.9,365,365
NG-NI,Niger,Minna,2020,27.705,817.1,-0.043,-266.8,-24.6,366,366
NG-NI,Niger,Minna,2021,28.048,563.1,0.3,-520.8,-48.0,365,365
NG-NI,Niger,Minna,2022,27.369,939.2,-0.378,-144.7,-13.4,365,365
NG-NI,Niger,Minna,2023,27.663,723.4,-0.084,-360.5,-33.3,365,365
NG-NI,Niger,Minna,2024,28.087,789.3,0.34,-294.6,-27.2,366,366
NG-OG,Ogun,Abeokuta,1990,26.461,1111.8,-0.151,-23.0,-2.0,365,365
NG-OG,Ogun,Abeokuta,1991,26.16,1378.5,-0.453,243.7,21.5,365,365
NG-OG,Ogun,Abeokuta,1992,26.218,1170.5,-0.395,35.7,3.1,366,366
NG-OG,Ogun,Abeokuta,1993,26.269,1244.7,-0.343,109.9,9.7,365,365
NG-OG,Ogun,Abeokuta,1994,26.157,1217.8,-0.456,83.0,7.3,365,365
NG-OG,Ogun,Abeokuta,1995,26.539,1371.4,-0.074,236.6,20.8,365,365
NG-OG,Ogun,Abeokuta,1996,26.365,1336.1,-0.247,201.3,17.7,366,366
NG-OG,Ogun,Abeokuta,1997,26.413,1156.8,-0.2,22.0,1.9,365,365
NG-OG,Ogun,Abeokuta,1998,27.091,973.9,0.478,-160.9,-14.2,365,365
NG-OG,Ogun,Abeokuta,1999,26.256,1343.8,-0.356,209.0,18.4,365,365
NG-OG,Ogun,Abeokuta,2000,26.599,1062.8,-0.013,-72.0,-6.3,366,366
NG-OG,Ogun,Abeokuta,2001,26.496,912.5,-0.117,-222.3,-19.6,365,365
NG-OG,Ogun,Abeokuta,2002,26.479,1041.6,-0.134,-93.2,-8.2,365,365
NG-OG,Ogun,Abeokuta,2003,26.763,988.0,0.15,-146.8,-12.9,365,365
NG-OG,Ogun,Abeokuta,2004,26.637,1058.2,0.024,-76.6,-6.8,366,366
NG-OG,Ogun,Abeokuta,2005,26.765,1044.3,0.152,-90.5,-8.0,365,365
NG-OG,Ogun,Abeokuta,2006,26.741,1211.2,0.128,76.4,6.7,365,365
NG-OG,Ogun,Abeokuta,2007,26.665,1214.2,0.052,79.4,7.0,365,365
NG-OG,Ogun,Abeokuta,2008,26.578,1183.8,-0.035,49.0,4.3,366,366
NG-OG,Ogun,Abeokuta,2009,26.786,1035.8,0.173,-99.0,-8.7,365,365
NG-OG,Ogun,Abeokuta,2010,27.087,1049.6,0.474,-85.2,-7.5,365,365
NG-OG,Ogun,Abeokuta,2011,26.544,1045.6,-0.069,-89.2,-7.9,365,365
NG-OG,Ogun,Abeokuta,2012,26.415,1191.8,-0.197,57.0,5.0,366,366
NG-OG,Ogun,Abeokuta,2013,26.721,886.4,0.108,-248.4,-21.9,365,365
NG-OG,Ogun,Abeokuta,2014,26.604,1235.2,-0.009,100.4,8.8,365,365
NG-OG,Ogun,Abeokuta,2015,26.744,940.6,0.131,-194.2,-17.1,365,365
NG-OG,Ogun,Abeokuta,2016,27.09,1368.4,0.477,233.6,20.6,366,366
NG-OG,Ogun,Abeokuta,2017,26.861,1044.3,0.248,-90.5,-8.0,365,365
NG-OG,Ogun,Abeokuta,2018,26.631,1209.4,0.018,74.6,6.6,365,365
NG-OG,Ogun,Abeokuta,2019,26.749,1341.2,0.137,206.4,18.2,365,365
NG-OG,Ogun,Abeokuta,2020,26.96,786.7,0.348,-348.1,-30.7,366,366
NG-OG,Ogun,Abeokuta,2021,27.302,788.6,0.689,-346.2,-30.5,365,365
NG-OG,Ogun,Abeokuta,2022,26.731,946.7,0.118,-188.1,-16.6,365,365
NG-OG,Ogun,Abeokuta,2023,27.136,1153.0,0.523,18.2,1.6,365,365
NG-OG,Ogun,Abeokuta,2024,27.729,809.9,1.116,-324.9,-28.6,366,366
NG-ON,Ondo,Akure,1990,24.968,1526.5,-0.073,-20.0,-1.3,365,365
NG-ON,Ondo,Akure,1991,24.684,1530.3,-0.357,-16.2,-1.0,365,365
NG-ON,Ondo,Akure,1992,24.58,1665.7,-0.461,119.2,7.7,366,366
NG-ON,Ondo,Akure,1993,24.739,1536.5,-0.302,-10.0,-0.6,365,365
NG-ON,Ondo,Akure,1994,24.558,1747.1,-0.483,200.6,13.0,365,365
NG-ON,Ondo,Akure,1995,25.056,1987.9,0.015,441.4,28.5,365,365
NG-ON,Ondo,Akure,1996,24.818,1658.5,-0.222,112.0,7.2,366,366
NG-ON,Ondo,Akure,1997,24.878,1459.2,-0.163,-87.3,-5.6,365,365
NG-ON,Ondo,Akure,1998,25.538,1373.0,0.497,-173.5,-11.2,365,365
NG-ON,Ondo,Akure,1999,24.681,1965.6,-0.36,419.1,27.1,365,365
NG-ON,Ondo,Akure,2000,25.021,1466.8,-0.02,-79.7,-5.2,366,366
NG-ON,Ondo,Akure,2001,24.955,1390.7,-0.085,-155.8,-10.1,365,365
NG-ON,Ondo,Akure,2002,24.916,1572.1,-0.125,25.6,1.7,365,365
NG-ON,Ondo,Akure,2003,25.111,1432.2,0.07,-114.3,-7.4,365,365
NG-ON,Ondo,Akure,2004,25.055,1664.5,0.014,118.0,7.6,366,366
NG-ON,Ondo,Akure,2005,25.185,1557.3,0.144,10.8,0.7,365,365
NG-ON,Ondo,Akure,2006,25.078,1652.8,0.037,106.3,6.9,365,365
NG-ON,Ondo,Akure,2007,25.042,1612.2,0.001,65.7,4.2,365,365
NG-ON,Ondo,Akure,2008,24.986,1556.4,-0.054,9.9,0.6,366,366
NG-ON,Ondo,Akure,2009,25.126,1523.6,0.085,-22.9,-1.5,365,365
NG-ON,Ondo,Akure,2010,25.479,1707.7,0.438,161.2,10.4,365,365
NG-ON,Ondo,Akure,2011,24.972,1694.8,-0.068,148.3,9.6,365,365
NG-ON,Ondo,Akure,2012,24.788,1677.2,-0.253,130.7,8.5,366,366
NG-ON,Ondo,Akure,2013,24.936,1350.7,-0.105,-195.8,-12.7,365,365
NG-ON,Ondo,Akure,2014,24.96,1672.5,-0.081,126.0,8.1,365,365
NG-ON,Ondo,Akure,2015,25.165,1496.2,0.124,-50.3,-3.3,365,365
NG-ON,Ondo,Akure,2016,25.523,1651.3,0.483,104.8,6.8,366,366
NG-ON,Ondo,Akure,2017,25.522,1098.3,0.482,-448.2,-29.0,365,365
NG-ON,Ondo,Akure,2018,25.133,1363.9,0.092,-182.6,-11.8,365,365
NG-ON,Ondo,Akure,2019,25.254,1328.6,0.213,-217.9,-14.1,365,365
NG-ON,Ondo,Akure,2020,25.483,1000.9,0.443,-545.6,-35.3,366,366
NG-ON,Ondo,Akure,2021,25.599,1057.1,0.558,-489.4,-31.6,365,365
NG-ON,Ondo,Akure,2022,25.127,1065.4,0.086,-481.1,-31.1,365,365
NG-ON,Ondo,Akure,2023,25.511,1257.3,0.471,-289.2,-18.7,365,365
NG-ON,Ondo,Akure,2024,25.938,886.4,0.897,-660.1,-42.7,366,366
NG-OS,Osun,Osogbo,1990,25.262,1157.1,-0.145,-65.9,-5.4,365,365
NG-OS,Osun,Osogbo,1991,24.964,1349.4,-0.443,126.4,10.3,365,365
NG-OS,Osun,Osogbo,1992,24.908,1241.1,-0.499,18.1,1.5,366,366
NG-OS,Osun,Osogbo,1993,25.002,1235.4,-0.405,12.4,1.0,365,365
NG-OS,Osun,Osogbo,1994,24.938,1321.4,-0.469,98.4,8.0,365,365
NG-OS,Osun,Osogbo,1995,25.337,1360.1,-0.07,137.1,11.2,365,365
NG-OS,Osun,Osogbo,1996,25.138,1370.4,-0.269,147.4,12.1,366,366
NG-OS,Osun,Osogbo,1997,25.15,1265.4,-0.256,42.4,3.5,365,365
NG-OS,Osun,Osogbo,1998,25.85,1147.7,0.444,-75.3,-6.2,365,365
NG-OS,Osun,Osogbo,1999,25.024,1407.0,-0.383,184.0,15.0,365,365
NG-OS,Osun,Osogbo,2000,25.396,1181.4,-0.011,-41.6,-3.4,366,366
NG-OS,Osun,Osogbo,2001,25.347,1135.9,-0.06,-87.1,-7.1,365,365
NG-OS,Osun,Osogbo,2002,25.316,1339.4,-0.09,116.4,9.5,365,365
NG-OS,Osun,Osogbo,2003,25.519,1090.6,0.112,-132.4,-10.8,365,365
NG-OS,Osun,Osogbo,2004,25.377,1207.0,-0.03,-16.0,-1.3,366,366
NG-OS,Osun,Osogbo,2005,25.558,1136.3,0.151,-86.7,-7.1,365,365
NG-OS,Osun,Osogbo,2006,25.449,1259.6,0.042,36.6,3.0,365,365
NG-OS,Osun,Osogbo,2007,25.393,1311.5,-0.014,88.5,7.2,365,365
NG-OS,Osun,Osogbo,2008,25.269,1327.7,-0.138,104.7,8.6,366,366
NG-OS,Osun,Osogbo,2009,25.441,1019.5,0.034,-203.5,-16.6,365,365
NG-OS,Osun,Osogbo,2010,25.73,1256.8,0.323,33.8,2.8,365,365
NG-OS,Osun,Osogbo,2011,25.327,1183.6,-0.079,-39.4,-3.2,365,365
NG-OS,Osun,Osogbo,2012,25.08,1349.6,-0.327,126.6,10.4,366,366
NG-OS,Osun,Osogbo,2013,25.324,1083.1,-0.083,-139.9,-11.4,365,365
NG-OS,Osun,Osogbo,2014,25.334,1324.4,-0.073,101.4,8.3,365,365
NG-OS,Osun,Osogbo,2015,25.583,1161.0,0.176,-62.0,-5.1,365,365
NG-OS,Osun,Osogbo,2016,25.867,1505.6,0.461,282.6,23.1,366,366
NG-OS,Osun,Osogbo,2017,26.09,845.9,0.683,-377.1,-30.8,365,365
NG-OS,Osun,Osogbo,2018,25.621,1218.3,0.214,-4.7,-0.4,365,365
NG-OS,Osun,Osogbo,2019,25.802,1341.8,0.395,118.8,9.7,365,365
NG-OS,Osun,Osogbo,2020,26.07,712.6,0.664,-510.4,-41.7,366,366
NG-OS,Osun,Osogbo,2021,26.214,875.8,0.807,-347.2,-28.4,365,365
NG-OS,Osun,Osogbo,2022,25.679,935.5,0.272,-287.5,-23.5,365,365
NG-OS,Osun,Osogbo,2023,25.948,922.5,0.541,-300.5,-24.6,365,365
NG-OS,Osun,Osogbo,2024,26.643,754.4,1.237,-468.6,-38.3,366,366
NG-OY,Oyo,Ibadan,1990,25.796,1278.8,-0.091,-73.4,-5.4,365,365
NG-OY,Oyo,Ibadan,1991,25.525,1527.1,-0.362,174.9,12.9,365,365
NG-OY,Oyo,Ibadan,1992,25.444,1431.8,-0.444,79.6,5.9,366,366
NG-OY,Oyo,Ibadan,1993,25.545,1437.1,-0.342,84.9,6.3,365,365
NG-OY,Oyo,Ibadan,1994,25.413,1473.4,-0.475,121.2,9.0,365,365
NG-OY,Oyo,Ibadan,1995,25.874,1537.1,-0.014,184.9,13.7,365,365
NG-OY,Oyo,Ibadan,1996,25.709,1540.4,-0.178,188.2,13.9,366,366
NG-OY,Oyo,Ibadan,1997,25.749,1342.8,-0.139,-9.4,-0.7,365,365
NG-OY,Oyo,Ibadan,1998,26.384,1257.5,0.497,-94.7,-7.0,365,365
NG-OY,Oyo,Ibadan,1999,25.567,1514.9,-0.32,162.7,12.0,365,365
NG-OY,Oyo,Ibadan,2000,25.934,1218.1,0.047,-134.1,-9.9,366,366
NG-OY,Oyo,Ibadan,2001,25.814,1116.5,-0.074,-235.7,-17.4,365,365
NG-OY,Oyo,Ibadan,2002,25.761,1285.5,-0.126,-66.7,-4.9,365,365
NG-OY,Oyo,Ibadan,2003,26.076,1165.8,0.188,-186.4,-13.8,365,365
NG-OY,Oyo,Ibadan,2004,25.948,1276.3,0.061,-75.9,-5.6,366,366
NG-OY,Oyo,Ibadan,2005,26.111,1187.1,0.224,-165.1,-12.2,365,365
NG-OY,Oyo,Ibadan,2006,26.003,1458.0,0.116,105.8,7.8,365,365
NG-OY,Oyo,Ibadan,2007,25.878,1485.5,-0.009,133.3,9.9,365,365
NG-OY,Oyo,Ibadan,2008,25.828,1422.1,-0.059,69.9,5.2,366,366
NG-OY,Oyo,Ibadan,2009,26.043,1221.0,0.156,-131.2,-9.7,365,365
NG-OY,Oyo,Ibadan,2010,26.35,1389.7,0.463,37.5,2.8,365,365
NG-OY,Oyo,Ibadan,2011,25.802,1281.9,-0.085,-70.3,-5.2,365,365
NG-OY,Oyo,Ibadan,2012,25.688,1476.6,-0.2,124.4,9.2,366,366
NG-OY,Oyo,Ibadan,2013,25.934,1129.8,0.046,-222.4,-16.4,365,365
NG-OY,Oyo,Ibadan,2014,25.872,1411.0,-0.016,58.8,4.4,365,365
NG-OY,Oyo,Ibadan,2015,26.068,1201.0,0.181,-151.2,-11.2,365,365
NG-OY,Oyo,Ibadan,2016,26.379,1691.9,0.492,339.7,25.1,366,366
NG-OY,Oyo,Ibadan,2017,26.104,1104.5,0.217,-247.7,-18.3,365,365
NG-OY,Oyo,Ibadan,2018,25.762,1540.7,-0.126,188.5,13.9,365,365
NG-OY,Oyo,Ibadan,2019,25.919,1552.8,0.031,200.6,14.8,365,365
NG-OY,Oyo,Ibadan,2020,26.139,887.5,0.251,-464.7,-34.4,366,366
NG-OY,Oyo,Ibadan,2021,26.379,1119.5,0.492,-232.7,-17.2,365,365
NG-OY,Oyo,Ibadan,2022,25.881,940.1,-0.006,-412.1,-30.5,365,365
NG-OY,Oyo,Ibadan,2023,26.205,1090.4,0.318,-261.8,-19.4,365,365
NG-OY,Oyo,Ibadan,2024,26.891,946.2,1.004,-406.0,-30.0,366,366
NG-PL,Plateau,Jos,1990,22.215,1299.6,0.008,117.1,9.9,365,365
NG-PL,Plateau,Jos,1991,22.025,1253.0,-0.182,70.5,6.0,365,365
NG-PL,Plateau,Jos,1992,21.258,1348.2,-0.949,165.7,14.0,366,366
NG-PL,Plateau,Jos,1993,21.972,1295.1,-0.235,112.6,9.5,365,365
NG-PL,Plateau,Jos,1994,21.648,1435.3,-0.558,252.8,21.4,365,365
NG-PL,Plateau,Jos,1995,22.009,1283.3,-0.198,100.8,8.5,365,365
NG-PL,Plateau,Jos,1996,22.151,1241.9,-0.056,59.4,5.0,366,366
NG-PL,Plateau,Jos,1997,21.906,1167.2,-0.301,-15.3,-1.3,365,365
NG-PL,Plateau,Jos,1998,22.357,1256.1,0.15,73.6,6.2,365,365
NG-PL,Plateau,Jos,1999,22.169,1073.8,-0.038,-108.7,-9.2,365,365
NG-PL,Plateau,Jos,2000,21.993,1114.1,-0.214,-68.4,-5.8,366,366
NG-PL,Plateau,Jos,2001,21.912,1319.7,-0.295,137.2,11.6,365,365
NG-PL,Plateau,Jos,2002,22.122,1160.0,-0.085,-22.5,-1.9,365,365
NG-PL,Plateau,Jos,2003,22.572,1115.2,0.365,-67.3,-5.7,365,365
NG-PL,Plateau,Jos,2004,22.504,1123.6,0.297,-58.9,-5.0,366,366
NG-PL,Plateau,Jos,2005,22.746,1186.8,0.539,4.3,0.4,365,365
NG-PL,Plateau,Jos,2006,22.652,1204.0,0.445,21.5,1.8,365,365
NG-PL,Plateau,Jos,2007,22.217,1234.5,0.01,52.0,4.4,365,365
NG-PL,Plateau,Jos,2008,21.865,1236.6,-0.342,54.1,4.6,366,366
NG-PL,Plateau,Jos,2009,22.544,1133.5,0.337,-49.0,-4.1,365,365
NG-PL,Plateau,Jos,2010,22.649,1332.7,0.442,150.2,12.7,365,365
NG-PL,Plateau,Jos,2011,22.176,1034.1,-0.031,-148.4,-12.6,365,365
NG-PL,Plateau,Jos,2012,22.099,1346.1,-0.108,163.6,13.8,366,366
NG-PL,Plateau,Jos,2013,22.463,1306.3,0.256,123.8,10.5,365,365
NG-PL,Plateau,Jos,2014,22.368,1248.7,0.161,66.2,5.6,365,365
NG-PL,Plateau,Jos,2015,22.43,1154.9,0.223,-27.6,-2.3,365,365
NG-PL,Plateau,Jos,2016,22.634,1035.9,0.427,-146.6,-12.4,366,366
NG-PL,Plateau,Jos,2017,22.376,916.9,0.169,-265.6,-22.5,365,365
NG-PL,Plateau,Jos,2018,22.063,1019.3,-0.144,-163.2,-13.8,365,365
NG-PL,Plateau,Jos,2019,22.152,1084.0,-0.055,-98.5,-8.3,365,365
NG-PL,Plateau,Jos,2020,22.182,815.0,-0.025,-367.5,-31.1,366,366
NG-PL,Plateau,Jos,2021,22.702,766.3,0.495,-416.2,-35.2,365,365
NG-PL,Plateau,Jos,2022,21.744,1029.1,-0.463,-153.4,-13.0,365,365
NG-PL,Plateau,Jos,2023,22.465,916.3,0.258,-266.2,-22.5,365,365
NG-PL,Plateau,Jos,2024,22.547,774.3,0.34,-408.2,-34.5,366,366
NG-RI,Rivers,Port Harcourt,1990,25.745,2728.1,-0.208,139.7,5.4,365,365
NG-RI,Rivers,Port Harcourt,1991,25.751,2626.2,-0.202,37.8,1.5,365,365
NG-RI,Rivers,Port Harcourt,1992,25.697,2389.3,-0.255,-199.1,-7.7,366,366
NG-RI,Rivers,Port Harcourt,1993,25.736,2701.1,-0.217,112.7,4.4,365,365
NG-RI,Rivers,Port Harcourt,1994,25.704,2383.9,-0.248,-204.5,-7.9,365,365
NG-RI,Rivers,Port Harcourt,1995,25.917,2719.5,-0.035,131.1,5.1,365,365
NG-RI,Rivers,Port Harcourt,1996,25.709,2485.8,-0.243,-102.6,-4.0,366,366
NG-RI,Rivers,Port Harcourt,1997,25.886,2534.4,-0.066,-54.0,-2.1,365,365
NG-RI,Rivers,Port Harcourt,1998,26.457,2216.8,0.505,-371.6,-14.4,365,365
NG-RI,Rivers,Port Harcourt,1999,25.566,2740.8,-0.386,152.4,5.9,365,365
NG-RI,Rivers,Port Harcourt,2000,25.803,2407.1,-0.15,-181.3,-7.0,366,366
NG-RI,Rivers,Port Harcourt,2001,25.764,2339.4,-0.189,-249.0,-9.6,365,365
NG-RI,Rivers,Port Harcourt,2002,25.798,2778.2,-0.155,189.8,7.3,365,365
NG-RI,Rivers,Port Harcourt,2003,25.909,2588.5,-0.043,0.1,0.0,365,365
NG-RI,Rivers,Port Harcourt,2004,25.845,2608.3,-0.108,19.9,0.8,366,366
NG-RI,Rivers,Port Harcourt,2005,26.02,2440.8,0.068,-147.6,-5.7,365,365
NG-RI,Rivers,Port Harcourt,2006,25.972,2568.7,0.019,-19.7,-0.8,365,365
NG-RI,Rivers,Port Harcourt,2007,25.899,2871.9,-0.053,283.5,11.0,365,365
NG-RI,Rivers,Port Harcourt,2008,25.802,2472.1,-0.15,-116.3,-4.5,366,366
NG-RI,Rivers,Port Harcourt,2009,25.85,3048.3,-0.103,459.9,17.8,365,365
NG-RI,Rivers,Port Harcourt,2010,26.312,2796.5,0.36,208.1,8.0,365,365
NG-RI,Rivers,Port Harcourt,2011,25.882,2516.4,-0.071,-72.0,-2.8,365,365
NG-RI,Rivers,Port Harcourt,2012,25.754,2401.1,-0.199,-187.3,-7.2,366,366
NG-RI,Rivers,Port Harcourt,2013,25.791,2751.9,-0.162,163.5,6.3,365,365
NG-RI,Rivers,Port Harcourt,2014,25.883,2653.4,-0.069,65.0,2.5,365,365
NG-RI,Rivers,Port Harcourt,2015,25.958,2520.0,0.005,-68.4,-2.6,365,365
NG-RI,Rivers,Port Harcourt,2016,26.375,2826.5,0.423,238.1,9.2,366,366
NG-RI,Rivers,Port Harcourt,2017,26.408,2291.2,0.456,-297.2,-11.5,365,365
NG-RI,Rivers,Port Harcourt,2018,26.236,2573.5,0.284,-14.9,-0.6,365,365
NG-RI,Rivers,Port Harcourt,2019,26.336,2850.5,0.384,262.1,10.1,365,365
NG-RI,Rivers,Port Harcourt,2020,26.554,2548.8,0.602,-39.6,-1.5,366,366
NG-RI,Rivers,Port Harcourt,2021,26.358,2634.7,0.405,46.3,1.8,365,365
NG-RI,Rivers,Port Harcourt,2022,26.098,2065.3,0.145,-523.1,-20.2,365,365
NG-RI,Rivers,Port Harcourt,2023,26.356,2658.4,0.403,70.0,2.7,365,365
NG-RI,Rivers,Port Harcourt,2024,26.975,1756.1,1.022,-832.3,-32.2,366,366
NG-SO,Sokoto,Sokoto,1990,29.09,237.8,0.297,-144.5,-37.8,365,365
NG-SO,Sokoto,Sokoto,1991,28.397,417.2,-0.395,34.9,9.1,365,365
NG-SO,Sokoto,Sokoto,1992,27.953,347.5,-0.839,-34.8,-9.1,366,366
NG-SO,Sokoto,Sokoto,1993,28.829,227.2,0.037,-155.1,-40.6,365,365
NG-SO,Sokoto,Sokoto,1994,27.969,474.1,-0.823,91.8,24.0,365,365
NG-SO,Sokoto,Sokoto,1995,28.816,287.4,0.024,-94.9,-24.8,365,365
NG-SO,Sokoto,Sokoto,1996,28.994,296.4,0.202,-85.9,-22.5,366,366
NG-SO,Sokoto,Sokoto,1997,28.756,289.1,-0.036,-93.2,-24.4,365,365
NG-SO,Sokoto,Sokoto,1998,28.701,483.6,-0.091,101.3,26.5,365,365
NG-SO,Sokoto,Sokoto,1999,28.691,429.2,-0.101,46.9,12.3,365,365
NG-SO,Sokoto,Sokoto,2000,28.289,311.9,-0.504,-70.4,-18.4,366,366
NG-SO,Sokoto,Sokoto,2001,28.584,328.2,-0.208,-54.1,-14.1,365,365
NG-SO,Sokoto,Sokoto,2002,28.751,444.2,-0.041,61.9,16.2,365,365
NG-SO,Sokoto,Sokoto,2003,28.962,340.5,0.17,-41.8,-10.9,365,365
NG-SO,Sokoto,Sokoto,2004,29.059,315.1,0.267,-67.2,-17.6,366,366
NG-SO,Sokoto,Sokoto,2005,29.419,335.0,0.627,-47.3,-12.4,365,365
NG-SO,Sokoto,Sokoto,2006,29.351,308.1,0.559,-74.2,-19.4,365,365
NG-SO,Sokoto,Sokoto,2007,28.81,370.4,0.017,-11.9,-3.1,365,365
NG-SO,Sokoto,Sokoto,2008,28.43,368.3,-0.363,-14.0,-3.7,366,366
NG-SO,Sokoto,Sokoto,2009,29.645,325.2,0.853,-57.1,-14.9,365,365
NG-SO,Sokoto,Sokoto,2010,29.219,536.5,0.427,154.2,40.4,365,365
NG-SO,Sokoto,Sokoto,2011,29.266,252.2,0.474,-130.1,-34.0,365,365
NG-SO,Sokoto,Sokoto,2012,28.835,426.5,0.043,44.2,11.6,366,366
NG-SO,Sokoto,Sokoto,2013,29.279,482.2,0.487,99.9,26.1,365,365
NG-SO,Sokoto,Sokoto,2014,29.071,383.7,0.279,1.4,0.4,365,365
NG-SO,Sokoto,Sokoto,2015,28.842,429.7,0.05,47.4,12.4,365,365
NG-SO,Sokoto,Sokoto,2016,29.138,590.1,0.346,207.8,54.4,366,366
NG-SO,Sokoto,Sokoto,2017,28.488,473.5,-0.304,91.2,23.9,365,365
NG-SO,Sokoto,Sokoto,2018,28.512,427.5,-0.28,45.2,11.8,365,365
NG-SO,Sokoto,Sokoto,2019,28.513,338.4,-0.279,-43.9,-11.5,365,365
NG-SO,Sokoto,Sokoto,2020,28.197,428.7,-0.595,46.4,12.2,366,366
NG-SO,Sokoto,Sokoto,2021,28.684,158.1,-0.108,-224.2,-58.6,365,365
NG-SO,Sokoto,Sokoto,2022,27.802,534.8,-0.99,152.5,39.9,365,365
NG-SO,Sokoto,Sokoto,2023,28.658,353.1,-0.134,-29.2,-7.6,365,365
NG-SO,Sokoto,Sokoto,2024,28.162,625.8,-0.63,243.5,63.7,366,366
NG-TA,Taraba,Jalingo,1990,28.069,500.9,0.169,-90.1,-15.3,365,365
NG-TA,Taraba,Jalingo,1991,27.776,516.4,-0.125,-74.6,-12.6,365,365
NG-TA,Taraba,Jalingo,1992,27.138,532.3,-0.763,-58.7,-9.9,366,366
NG-TA,Taraba,Jalingo,1993,27.683,497.0,-0.218,-94.0,-15.9,365,365
NG-TA,Taraba,Jalingo,1994,27.165,805.3,-0.735,214.3,36.3,365,365
NG-TA,Taraba,Jalingo,1995,27.383,581.8,-0.518,-9.2,-1.6,365,365
NG-TA,Taraba,Jalingo,1996,27.499,655.5,-0.402,64.5,10.9,366,366
NG-TA,Taraba,Jalingo,1997,27.425,507.4,-0.475,-83.6,-14.2,365,365
NG-TA,Taraba,Jalingo,1998,28.078,744.3,0.177,153.3,25.9,365,365
NG-TA,Taraba,Jalingo,1999,27.398,829.2,-0.503,238.2,40.3,365,365
NG-TA,Taraba,Jalingo,2000,27.402,444.1,-0.499,-146.9,-24.9,366,366
NG-TA,Taraba,Jalingo,2001,27.767,468.9,-0.134,-122.1,-20.7,365,365
NG-TA,Taraba,Jalingo,2002,27.914,555.2,0.013,-35.8,-6.1,365,365
NG-TA,Taraba,Jalingo,2003,28.14,722.3,0.24,131.3,22.2,365,365
NG-TA,Taraba,Jalingo,2004,28.21,396.4,0.309,-194.6,-32.9,366,366
NG-TA,Taraba,Jalingo,2005,28.713,486.6,0.812,-104.4,-17.7,365,365
NG-TA,Taraba,Jalingo,2006,28.615,383.6,0.714,-207.4,-35.1,365,365
NG-TA,Taraba,Jalingo,2007,28.063,444.6,0.162,-146.4,-24.8,365,365
NG-TA,Taraba,Jalingo,2008,27.511,648.6,-0.389,57.6,9.7,366,366
NG-TA,Taraba,Jalingo,2009,28.301,529.8,0.401,-61.2,-10.4,365,365
NG-TA,Taraba,Jalingo,2010,28.497,709.2,0.597,118.2,20.0,365,365
NG-TA,Taraba,Jalingo,2011,27.835,724.1,-0.066,133.1,22.5,365,365
NG-TA,Taraba,Jalingo,2012,27.496,688.0,-0.405,97.0,16.4,366,366
NG-TA,Taraba,Jalingo,2013,28.016,510.8,0.115,-80.2,-13.6,365,365
NG-TA,Taraba,Jalingo,2014,28.044,456.5,0.143,-134.5,-22.8,365,365
NG-TA,Taraba,Jalingo,2015,28.215,417.4,0.315,-173.6,-29.4,365,365
NG-TA,Taraba,Jalingo,2016,28.279,495.1,0.379,-95.9,-16.2,366,366
NG-TA,Taraba,Jalingo,2017,28.309,674.2,0.408,83.2,14.1,365,365
NG-TA,Taraba,Jalingo,2018,28.155,692.5,0.255,101.5,17.2,365,365
NG-TA,Taraba,Jalingo,2019,27.944,938.3,0.043,347.3,58.8,365,365
NG-TA,Taraba,Jalingo,2020,28.055,675.7,0.154,84.7,14.3,366,366
NG-TA,Taraba,Jalingo,2021,28.009,660.4,0.108,69.4,11.7,365,365
NG-TA,Taraba,Jalingo,2022,27.305,902.7,-0.595,311.7,52.7,365,365
NG-TA,Taraba,Jalingo,2023,27.819,751.2,-0.082,160.2,27.1,365,365
NG-TA,Taraba,Jalingo,2024,28.151,719.1,0.25,128.1,21.7,366,366
NG-YO,Yobe,Damaturu,1990,27.997,411.4,0.542,-14.2,-3.3,365,365
NG-YO,Yobe,Damaturu,1991,27.413,422.4,-0.042,-3.2,-0.7,365,365
NG-YO,Yobe,Damaturu,1992,26.711,460.5,-0.744,34.9,8.2,366,366
NG-YO,Yobe,Damaturu,1993,27.698,307.1,0.243,-118.5,-27.8,365,365
NG-YO,Yobe,Damaturu,1994,26.72,725.0,-0.735,299.4,70.4,365,365
NG-YO,Yobe,Damaturu,1995,27.068,396.4,-0.387,-29.2,-6.9,365,365
NG-YO,Yobe,Damaturu,1996,27.238,456.5,-0.217,30.9,7.3,366,366
NG-YO,Yobe,Damaturu,1997,27.52,339.6,0.065,-86.0,-20.2,365,365
NG-YO,Yobe,Damaturu,1998,27.442,544.0,-0.013,118.4,27.8,365,365
NG-YO,Yobe,Damaturu,1999,27.047,574.5,-0.408,148.9,35.0,365,365
NG-YO,Yobe,Damaturu,2000,26.812,403.4,-0.643,-22.2,-5.2,366,366
NG-YO,Yobe,Damaturu,2001,26.902,390.6,-0.552,-35.0,-8.2,365,365
NG-YO,Yobe,Damaturu,2002,27.434,288.7,-0.021,-136.9,-32.2,365,365
NG-YO,Yobe,Damaturu,2003,27.278,472.1,-0.177,46.5,10.9,365,365
NG-YO,Yobe,Damaturu,2004,27.527,279.2,0.072,-146.4,-34.4,366,366
NG-YO,Yobe,Damaturu,2005,27.847,435.9,0.392,10.3,2.4,365,365
NG-YO,Yobe,Damaturu,2006,27.932,307.4,0.477,-118.2,-27.8,365,365
NG-YO,Yobe,Damaturu,2007,27.585,348.2,0.131,-77.4,-18.2,365,365
NG-YO,Yobe,Damaturu,2008,27.104,479.3,-0.351,53.7,12.6,366,366
NG-YO,Yobe,Damaturu,2009,28.041,364.4,0.586,-61.2,-14.4,365,365
NG-YO,Yobe,Damaturu,2010,28.219,556.2,0.764,130.6,30.7,365,365
NG-YO,Yobe,Damaturu,2011,27.774,383.0,0.319,-42.6,-10.0,365,365
NG-YO,Yobe,Damaturu,2012,27.35,499.6,-0.105,74.0,17.4,366,366
NG-YO,Yobe,Damaturu,2013,27.986,380.4,0.531,-45.2,-10.6,365,365
NG-YO,Yobe,Damaturu,2014,27.595,511.5,0.14,85.9,20.2,365,365
NG-YO,Yobe,Damaturu,2015,27.878,372.1,0.423,-53.5,-12.6,365,365
NG-YO,Yobe,Damaturu,2016,27.836,442.8,0.381,17.2,4.0,366,366
NG-YO,Yobe,Damaturu,2017,27.282,347.8,-0.173,-77.8,-18.3,365,365
NG-YO,Yobe,Damaturu,2018,27.43,384.2,-0.025,-41.4,-9.7,365,365
NG-YO,Yobe,Damaturu,2019,27.471,482.6,0.016,57.0,13.4,365,365
NG-YO,Yobe,Damaturu,2020,27.51,412.1,0.055,-13.5,-3.2,366,366
NG-YO,Yobe,Damaturu,2021,27.893,386.9,0.439,-38.7,-9.1,365,365
NG-YO,Yobe,Damaturu,2022,26.832,612.6,-0.623,187.0,43.9,365,365
NG-YO,Yobe,Damaturu,2023,27.606,458.0,0.151,32.4,7.6,365,365
NG-YO,Yobe,Damaturu,2024,27.127,797.2,-0.328,371.6,87.3,366,366
NG-ZA,Zamfara,Gusau,1990,26.963,429.7,0.384,-123.0,-22.3,365,365
NG-ZA,Zamfara,Gusau,1991,26.402,547.5,-0.176,-5.2,-0.9,365,365
NG-ZA,Zamfara,Gusau,1992,25.7,555.2,-0.879,2.5,0.4,366,366
NG-ZA,Zamfara,Gusau,1993,26.427,444.4,-0.152,-108.3,-19.6,365,365
NG-ZA,Zamfara,Gusau,1994,25.785,737.8,-0.794,185.1,33.5,365,365
NG-ZA,Zamfara,Gusau,1995,26.318,546.6,-0.261,-6.1,-1.1,365,365
NG-ZA,Zamfara,Gusau,1996,26.615,439.9,0.036,-112.8,-20.4,366,366
NG-ZA,Zamfara,Gusau,1997,26.47,540.3,-0.108,-12.4,-2.2,365,365
NG-ZA,Zamfara,Gusau,1998,26.646,673.0,0.067,120.3,21.8,365,365
NG-ZA,Zamfara,Gusau,1999,26.411,638.7,-0.168,86.0,15.6,365,365
NG-ZA,Zamfara,Gusau,2000,25.934,475.3,-0.645,-77.4,-14.0,366,366
NG-ZA,Zamfara,Gusau,2001,26.103,583.0,-0.476,30.3,5.5,365,365
NG-ZA,Zamfara,Gusau,2002,26.625,535.5,0.046,-17.2,-3.1,365,365
NG-ZA,Zamfara,Gusau,2003,26.633,533.3,0.054,-19.4,-3.5,365,365
NG-ZA,Zamfara,Gusau,2004,26.957,481.3,0.378,-71.4,-12.9,366,366
NG-ZA,Zamfara,Gusau,2005,27.183,577.3,0.604,24.6,4.4,365,365
NG-ZA,Zamfara,Gusau,2006,27.269,483.6,0.69,-69.1,-12.5,365,365
NG-ZA,Zamfara,Gusau,2007,26.884,455.4,0.305,-97.3,-17.6,365,365
NG-ZA,Zamfara,Gusau,2008,26.32,604.2,-0.258,51.5,9.3,366,366
NG-ZA,Zamfara,Gusau,2009,27.457,507.7,0.878,-45.0,-8.1,365,365
NG-ZA,Zamfara,Gusau,2010,27.192,574.3,0.613,21.6,3.9,365,365
NG-ZA,Zamfara,Gusau,2011,27.03,474.3,0.451,-78.4,-14.2,365,365
NG-ZA,Zamfara,Gusau,2012,26.607,674.8,0.028,122.1,22.1,366,366
NG-ZA,Zamfara,Gusau,2013,26.867,541.6,0.288,-11.1,-2.0,365,365
NG-ZA,Zamfara,Gusau,2014,26.873,488.3,0.294,-64.4,-11.7,365,365
NG-ZA,Zamfara,Gusau,2015,26.839,617.2,0.261,64.5,11.7,365,365
NG-ZA,Zamfara,Gusau,2016,27.106,634.4,0.527,81.7,14.8,366,366
NG-ZA,Zamfara,Gusau,2017,26.413,473.8,-0.166,-78.9,-14.3,365,365
NG-ZA,Zamfara,Gusau,2018,26.236,573.7,-0.343,21.0,3.8,365,365
NG-ZA,Zamfara,Gusau,2019,26.079,593.9,-0.5,41.2,7.5,365,365
NG-ZA,Zamfara,Gusau,2020,25.988,575.2,-0.591,22.5,4.1,366,366
NG-ZA,Zamfara,Gusau,2021,26.385,285.4,-0.194,-267.3,-48.4,365,365
NG-ZA,Zamfara,Gusau,2022,25.522,836.4,-1.057,283.7,51.3,365,365
NG-ZA,Zamfara,Gusau,2023,26.313,510.8,-0.266,-41.9,-7.6,365,365
NG-ZA,Zamfara,Gusau,2024,26.218,582.2,-0.361,29.5,5.3,366,366
