pcode,state,year,events,fatalities,fatalities_high,fatalities_low
NG-AB,Abia,1990,0,0.0,0.0,0.0
NG-AB,Abia,1991,0,0.0,0.0,0.0
NG-AB,Abia,1992,0,0.0,0.0,0.0
NG-AB,Abia,1993,0,0.0,0.0,0.0
NG-AB,Abia,1994,0,0.0,0.0,0.0
NG-AB,Abia,1995,0,0.0,0.0,0.0
NG-AB,Abia,1996,0,0.0,0.0,0.0
NG-AB,Abia,1997,0,0.0,0.0,0.0
NG-AB,Abia,1998,0,0.0,0.0,0.0
NG-AB,Abia,1999,0,0.0,0.0,0.0
NG-AB,Abia,2000,3,51.0,453.0,51.0
NG-AB,Abia,2001,0,0.0,0.0,0.0
NG-AB,Abia,2002,0,0.0,0.0,0.0
NG-AB,Abia,2003,0,0.0,0.0,0.0
NG-AB,Abia,2004,0,0.0,0.0,0.0
NG-AB,Abia,2005,0,0.0,0.0,0.0
NG-AB,Abia,2006,0,0.0,0.0,0.0
NG-AB,Abia,2007,0,0.0,0.0,0.0
NG-AB,Abia,2008,0,0.0,0.0,0.0
NG-AB,Abia,2009,0,0.0,0.0,0.0
NG-AB,Abia,2010,0,0.0,0.0,0.0
NG-AB,Abia,2011,1,0.0,2.0,0.0
NG-AB,Abia,2012,0,0.0,0.0,0.0
NG-AB,Abia,2013,0,0.0,0.0,0.0
NG-AB,Abia,2014,0,0.0,0.0,0.0
NG-AB,Abia,2015,0,0.0,0.0,0.0
NG-AB,Abia,2016,3,15.0,15.0,15.0
NG-AB,Abia,2017,0,0.0,0.0,0.0
NG-AB,Abia,2018,0,0.0,0.0,0.0
NG-AB,Abia,2019,2,2.0,2.0,2.0
NG-AB,Abia,2020,3,3.0,3.0,3.0
NG-AB,Abia,2021,4,3.0,19.0,3.0
NG-AB,Abia,2022,4,13.0,17.0,12.0
NG-AB,Abia,2023,5,4.0,8.0,5.0
NG-AB,Abia,2024,14,44.0,50.0,39.0
NG-AD,Adamawa,1990,1,9.0,9.0,9.0
NG-AD,Adamawa,1991,0,0.0,0.0,0.0
NG-AD,Adamawa,1992,0,0.0,0.0,0.0
NG-AD,Adamawa,1993,0,0.0,0.0,0.0
NG-AD,Adamawa,1994,0,0.0,0.0,0.0
NG-AD,Adamawa,1995,0,0.0,0.0,0.0
NG-AD,Adamawa,1996,0,0.0,0.0,0.0
NG-AD,Adamawa,1997,0,0.0,0.0,0.0
NG-AD,Adamawa,1998,0,0.0,0.0,0.0
NG-AD,Adamawa,1999,0,0.0,0.0,0.0
NG-AD,Adamawa,2000,0,0.0,0.0,0.0
NG-AD,Adamawa,2001,0,0.0,0.0,0.0
NG-AD,Adamawa,2002,0,0.0,0.0,0.0
NG-AD,Adamawa,2003,2,110.0,120.0,110.0
NG-AD,Adamawa,2004,2,162.0,162.0,162.0
NG-AD,Adamawa,2005,0,0.0,0.0,0.0
NG-AD,Adamawa,2006,0,0.0,0.0,0.0
NG-AD,Adamawa,2007,0,0.0,0.0,0.0
NG-AD,Adamawa,2008,3,7.0,7.0,7.0
NG-AD,Adamawa,2009,1,0.0,20.0,0.0
NG-AD,Adamawa,2010,0,0.0,0.0,0.0
NG-AD,Adamawa,2011,3,29.0,57.0,28.0
NG-AD,Adamawa,2012,18,66.0,88.0,58.0
NG-AD,Adamawa,2013,12,48.0,90.0,48.0
NG-AD,Adamawa,2014,73,1587.0,1713.0,1587.0
NG-AD,Adamawa,2015,42,454.0,622.0,437.0
NG-AD,Adamawa,2016,12,153.0,182.0,153.0
NG-AD,Adamawa,2017,34,269.0,283.0,269.0
NG-AD,Adamawa,2018,34,230.0,308.0,200.0
NG-AD,Adamawa,2019,13,66.0,107.0,66.0
NG-AD,Adamawa,2020,12,99.0,125.0,96.0
NG-AD,Adamawa,2021,5,44.0,68.0,20.0
NG-AD,Adamawa,2022,7,70.0,111.0,70.0
NG-AD,Adamawa,2023,5,112.0,112.0,10.0
NG-AD,Adamawa,2024,4,15.0,16.0,15.0
NG-AK,Akwa Ibom,1990,0,0.0,0.0,0.0
NG-AK,Akwa Ibom,1991,0,0.0,0.0,0.0
NG-AK,Akwa Ibom,1992,1,0.0,80.0,0.0
NG-AK,Akwa Ibom,1993,0,0.0,0.0,0.0
NG-AK,Akwa Ibom,1994,1,0.0,6.0,0.0
NG-AK,Akwa Ibom,1995,1,1.0,1.0,1.0
NG-AK,Akwa Ibom,1996,0,0.0,0.0,0.0
NG-AK,Akwa Ibom,1997,0,0.0,0.0,0.0
NG-AK,Akwa Ibom,1998,0,0.0,0.0,0.0
NG-AK,Akwa Ibom,1999,0,0.0,0.0,0.0
NG-AK,Akwa Ibom,2000,1,45.0,45.0,45.0
NG-AK,Akwa Ibom,2001,0,0.0,0.0,0.0
NG-AK,Akwa Ibom,2002,0,0.0,0.0,0.0
NG-AK,Akwa Ibom,2003,0,0.0,0.0,0.0
NG-AK,Akwa Ibom,2004,0,0.0,0.0,0.0
NG-AK,Akwa Ibom,2005,0,0.0,0.0,0.0
NG-AK,Akwa Ibom,2006,0,0.0,0.0,0.0
NG-AK,Akwa Ibom,2007,0,0.0,0.0,0.0
NG-AK,Akwa Ibom,2008,0,0.0,0.0,0.0
NG-AK,Akwa Ibom,2009,0,0.0,0.0,0.0
NG-AK,Akwa Ibom,2010,0,0.0,0.0,0.0
NG-AK,Akwa Ibom,2011,9,15.0,24.0,14.0
NG-AK,Akwa Ibom,2012,1,4.0,4.0,4.0
NG-AK,Akwa Ibom,2013,0,0.0,0.0,0.0
NG-AK,Akwa Ibom,2014,0,0.0,0.0,0.0
NG-AK,Akwa Ibom,2015,0,0.0,0.0,0.0
NG-AK,Akwa Ibom,2016,2,8.0,14.0,8.0
NG-AK,Akwa Ibom,2017,6,34.0,96.0,22.0
NG-AK,Akwa Ibom,2018,0,0.0,0.0,0.0
NG-AK,Akwa Ibom,2019,1,3.0,3.0,3.0
NG-AK,Akwa Ibom,2020,5,8.0,8.0,8.0
NG-AK,Akwa Ibom,2021,7,24.0,25.0,8.0
NG-AK,Akwa Ibom,2022,1,3.0,30.0,3.0
NG-AK,Akwa Ibom,2023,1,1.0,1.0,1.0
NG-AK,Akwa Ibom,2024,1,2.0,2.0,2.0
NG-AN,Anambra,1990,0,0.0,0.0,0.0
NG-AN,Anambra,1991,0,0.0,0.0,0.0
NG-AN,Anambra,1992,0,0.0,0.0,0.0
NG-AN,Anambra,1993,0,0.0,0.0,0.0
NG-AN,Anambra,1994,0,0.0,0.0,0.0
NG-AN,Anambra,1995,0,0.0,0.0,0.0
NG-AN,Anambra,1996,0,0.0,0.0,0.0
NG-AN,Anambra,1997,0,0.0,0.0,0.0
NG-AN,Anambra,1998,0,0.0,0.0,0.0
NG-AN,Anambra,1999,2,420.0,420.0,97.0
NG-AN,Anambra,2000,3,32.0,32.0,32.0
NG-AN,Anambra,2001,4,57.0,57.0,57.0
NG-AN,Anambra,2002,5,63.0,63.0,63.0
NG-AN,Anambra,2003,0,0.0,0.0,0.0
NG-AN,Anambra,2004,0,0.0,0.0,0.0
NG-AN,Anambra,2005,3,7.0,23.0,7.0
NG-AN,Anambra,2006,5,85.0,96.0,85.0
NG-AN,Anambra,2007,1,1.0,1.0,1.0
NG-AN,Anambra,2008,2,7.0,7.0,7.0
NG-AN,Anambra,2009,0,0.0,0.0,0.0
NG-AN,Anambra,2010,0,0.0,0.0,0.0
NG-AN,Anambra,2011,1,0.0,4.0,0.0
NG-AN,Anambra,2012,0,0.0,0.0,0.0
NG-AN,Anambra,2013,0,0.0,0.0,0.0
NG-AN,Anambra,2014,1,1.0,1.0,1.0
NG-AN,Anambra,2015,3,13.0,13.0,13.0
NG-AN,Anambra,2016,3,27.0,27.0,27.0
NG-AN,Anambra,2017,2,2.0,2.0,2.0
NG-AN,Anambra,2018,4,19.0,19.0,19.0
NG-AN,Anambra,2019,4,10.0,13.0,7.0
NG-AN,Anambra,2020,1,2.0,2.0,0.0
NG-AN,Anambra,2021,15,26.0,56.0,16.0
NG-AN,Anambra,2022,17,51.0,83.0,45.0
NG-AN,Anambra,2023,17,63.0,64.0,56.0
NG-AN,Anambra,2024,29,50.0,75.0,41.0
NG-BA,Bauchi,1990,0,0.0,0.0,0.0
NG-BA,Bauchi,1991,2,150.0,250.0,100.0
NG-BA,Bauchi,1992,0,0.0,0.0,0.0
NG-BA,Bauchi,1993,0,0.0,0.0,0.0
NG-BA,Bauchi,1994,0,0.0,0.0,0.0
NG-BA,Bauchi,1995,0,0.0,0.0,0.0
NG-BA,Bauchi,1996,0,0.0,0.0,0.0
NG-BA,Bauchi,1997,0,0.0,0.0,0.0
NG-BA,Bauchi,1998,0,0.0,0.0,0.0
NG-BA,Bauchi,1999,0,0.0,0.0,0.0
NG-BA,Bauchi,2000,0,0.0,0.0,0.0
NG-BA,Bauchi,2001,0,0.0,0.0,0.0
NG-BA,Bauchi,2002,0,0.0,0.0,0.0
NG-BA,Bauchi,2003,0,0.0,0.0,0.0
NG-BA,Bauchi,2004,0,0.0,0.0,0.0
NG-BA,Bauchi,2005,0,0.0,0.0,0.0
NG-BA,Bauchi,2006,2,25.0,25.0,25.0
NG-BA,Bauchi,2007,2,7.0,9.0,7.0
NG-BA,Bauchi,2008,0,0.0,0.0,0.0
NG-BA,Bauchi,2009,3,64.0,76.0,61.0
NG-BA,Bauchi,2010,5,6.0,12.0,6.0
NG-BA,Bauchi,2011,20,108.0,225.0,91.0
NG-BA,Bauchi,2012,12,44.0,60.0,44.0
NG-BA,Bauchi,2013,3,1.0,7.0,1.0
NG-BA,Bauchi,2014,11,63.0,79.0,58.0
NG-BA,Bauchi,2015,1,0.0,4.0,0.0
NG-BA,Bauchi,2016,0,0.0,0.0,0.0
NG-BA,Bauchi,2017,0,0.0,0.0,0.0
NG-BA,Bauchi,2018,0,0.0,0.0,0.0
NG-BA,Bauchi,2019,1,3.0,3.0,3.0
NG-BA,Bauchi,2020,1,2.0,2.0,2.0
NG-BA,Bauchi,2021,0,0.0,0.0,0.0
NG-BA,Bauchi,2022,0,0.0,0.0,0.0
NG-BA,Bauchi,2023,1,1.0,1.0,1.0
NG-BA,Bauchi,2024,2,2.0,2.0,0.0
NG-BE,Benue,1990,0,0.0,0.0,0.0
NG-BE,Benue,1991,0,0.0,0.0,0.0
NG-BE,Benue,1992,0,0.0,0.0,0.0
NG-BE,Benue,1993,0,0.0,0.0,0.0
NG-BE,Benue,1994,0,0.0,0.0,0.0
NG-BE,Benue,1995,0,0.0,0.0,0.0
NG-BE,Benue,1996,0,0.0,0.0,0.0
NG-BE,Benue,1997,0,0.0,0.0,0.0
NG-BE,Benue,1998,1,32.0,32.0,32.0
NG-BE,Benue,1999,0,0.0,0.0,0.0
NG-BE,Benue,2000,0,0.0,0.0,0.0
NG-BE,Benue,2001,8,684.0,704.0,684.0
NG-BE,Benue,2002,0,0.0,0.0,0.0
NG-BE,Benue,2003,2,17.0,17.0,17.0
NG-BE,Benue,2004,10,439.0,458.0,439.0
NG-BE,Benue,2005,3,17.0,17.0,17.0
NG-BE,Benue,2006,0,0.0,0.0,0.0
NG-BE,Benue,2007,0,0.0,0.0,0.0
NG-BE,Benue,2008,1,1.0,3.0,1.0
NG-BE,Benue,2009,0,0.0,0.0,0.0
NG-BE,Benue,2010,1,4.0,4.0,4.0
NG-BE,Benue,2011,12,177.0,221.0,168.0
NG-BE,Benue,2012,11,81.0,96.0,81.0
NG-BE,Benue,2013,30,289.0,322.0,289.0
NG-BE,Benue,2014,19,56.0,177.0,56.0
NG-BE,Benue,2015,11,215.0,272.0,164.0
NG-BE,Benue,2016,31,304.0,583.0,304.0
NG-BE,Benue,2017,18,89.0,119.0,80.0
NG-BE,Benue,2018,69,385.0,495.0,371.0
NG-BE,Benue,2019,22,112.0,155.0,112.0
NG-BE,Benue,2020,17,39.0,53.0,30.0
NG-BE,Benue,2021,28,222.0,229.0,195.0
NG-BE,Benue,2022,34,213.0,254.0,144.0
NG-BE,Benue,2023,45,332.0,367.0,322.0
NG-BE,Benue,2024,40,345.0,345.0,271.0
NG-BO,Borno,1990,0,0.0,0.0,0.0
NG-BO,Borno,1991,0,0.0,0.0,0.0
NG-BO,Borno,1992,0,0.0,0.0,0.0
NG-BO,Borno,1993,0,0.0,0.0,0.0
NG-BO,Borno,1994,0,0.0,0.0,0.0
NG-BO,Borno,1995,0,0.0,0.0,0.0
NG-BO,Borno,1996,0,0.0,0.0,0.0
NG-BO,Borno,1997,0,0.0,0.0,0.0
NG-BO,Borno,1998,0,0.0,0.0,0.0
NG-BO,Borno,1999,0,0.0,0.0,0.0
NG-BO,Borno,2000,0,0.0,0.0,0.0
NG-BO,Borno,2001,0,0.0,0.0,0.0
NG-BO,Borno,2002,0,0.0,0.0,0.0
NG-BO,Borno,2003,1,1.0,3.0,1.0
NG-BO,Borno,2004,5,33.0,40.0,33.0
NG-BO,Borno,2005,0,0.0,0.0,0.0
NG-BO,Borno,2006,1,21.0,50.0,21.0
NG-BO,Borno,2007,0,0.0,0.0,0.0
NG-BO,Borno,2008,0,0.0,0.0,0.0
NG-BO,Borno,2009,7,294.0,657.0,294.0
NG-BO,Borno,2010,20,23.0,40.0,16.0
NG-BO,Borno,2011,89,149.0,352.0,141.0
NG-BO,Borno,2012,150,620.0,845.0,555.0
NG-BO,Borno,2013,165,2119.0,2494.0,1961.0
NG-BO,Borno,2014,286,6662.0,8109.0,6567.0
NG-BO,Borno,2015,305,6998.0,8314.0,6889.0
NG-BO,Borno,2016,290,2905.0,2997.0,2901.0
NG-BO,Borno,2017,378,2526.0,3072.0,2524.0
NG-BO,Borno,2018,249,1443.0,1976.0,1286.0
NG-BO,Borno,2019,290,1541.0,2187.0,1371.0
NG-BO,Borno,2020,427,2254.0,3225.0,1962.0
NG-BO,Borno,2021,263,2027.0,3116.0,1870.0
NG-BO,Borno,2022,227,1909.0,2749.0,1529.0
NG-BO,Borno,2023,360,2375.0,3310.0,2060.0
NG-BO,Borno,2024,229,1829.0,2030.0,1296.0
NG-BY,Bayelsa,1990,0,0.0,0.0,0.0
NG-BY,Bayelsa,1991,0,0.0,0.0,0.0
NG-BY,Bayelsa,1992,0,0.0,0.0,0.0
NG-BY,Bayelsa,1993,0,0.0,0.0,0.0
NG-BY,Bayelsa,1994,0,0.0,0.0,0.0
NG-BY,Bayelsa,1995,0,0.0,0.0,0.0
NG-BY,Bayelsa,1996,0,0.0,0.0,0.0
NG-BY,Bayelsa,1997,1,3.0,5.0,3.0
NG-BY,Bayelsa,1998,3,19.0,23.0,19.0
NG-BY,Bayelsa,1999,12,2500.0,2576.0,2500.0
NG-BY,Bayelsa,2000,1,2.0,2.0,2.0
NG-BY,Bayelsa,2001,0,0.0,0.0,0.0
NG-BY,Bayelsa,2002,3,41.0,61.0,41.0
NG-BY,Bayelsa,2003,3,43.0,51.0,43.0
NG-BY,Bayelsa,2004,1,7.0,7.0,7.0
NG-BY,Bayelsa,2005,0,0.0,0.0,0.0
NG-BY,Bayelsa,2006,0,0.0,0.0,0.0
NG-BY,Bayelsa,2007,0,0.0,0.0,0.0
NG-BY,Bayelsa,2008,3,6.0,6.0,6.0
NG-BY,Bayelsa,2009,2,5.0,5.0,5.0
NG-BY,Bayelsa,2010,0,0.0,0.0,0.0
NG-BY,Bayelsa,2011,5,23.0,26.0,23.0
NG-BY,Bayelsa,2012,3,3.0,3.0,3.0
NG-BY,Bayelsa,2013,0,0.0,0.0,0.0
NG-BY,Bayelsa,2014,0,0.0,0.0,0.0
NG-BY,Bayelsa,2015,0,0.0,0.0,0.0
NG-BY,Bayelsa,2016,2,8.0,8.0,8.0
NG-BY,Bayelsa,2017,0,0.0,0.0,0.0
NG-BY,Bayelsa,2018,0,0.0,0.0,0.0
NG-BY,Bayelsa,2019,4,4.0,9.0,2.0
NG-BY,Bayelsa,2020,3,7.0,10.0,7.0
NG-BY,Bayelsa,2021,0,0.0,0.0,0.0
NG-BY,Bayelsa,2022,6,9.0,9.0,9.0
NG-BY,Bayelsa,2023,0,0.0,0.0,0.0
NG-BY,Bayelsa,2024,2,2.0,2.0,2.0
NG-CR,Cross River,1990,0,0.0,0.0,0.0
NG-CR,Cross River,1991,0,0.0,0.0,0.0
NG-CR,Cross River,1992,0,0.0,0.0,0.0
NG-CR,Cross River,1993,0,0.0,0.0,0.0
NG-CR,Cross River,1994,0,0.0,0.0,0.0
NG-CR,Cross River,1995,0,0.0,0.0,0.0
NG-CR,Cross River,1996,0,0.0,0.0,0.0
NG-CR,Cross River,1997,0,0.0,0.0,0.0
NG-CR,Cross River,1998,0,0.0,0.0,0.0
NG-CR,Cross River,1999,0,0.0,0.0,0.0
NG-CR,Cross River,2000,1,45.0,45.0,45.0
NG-CR,Cross River,2001,0,0.0,0.0,0.0
NG-CR,Cross River,2002,1,10.0,10.0,10.0
NG-CR,Cross River,2003,1,1.0,2.0,1.0
NG-CR,Cross River,2004,0,0.0,0.0,0.0
NG-CR,Cross River,2005,1,100.0,100.0,50.0
NG-CR,Cross River,2006,0,0.0,0.0,0.0
NG-CR,Cross River,2007,0,0.0,0.0,0.0
NG-CR,Cross River,2008,0,0.0,0.0,0.0
NG-CR,Cross River,2009,0,0.0,0.0,0.0
NG-CR,Cross River,2010,2,30.0,35.0,30.0
NG-CR,Cross River,2011,0,0.0,0.0,0.0
NG-CR,Cross River,2012,2,44.0,44.0,44.0
NG-CR,Cross River,2013,1,5.0,20.0,5.0
NG-CR,Cross River,2014,0,0.0,0.0,0.0
NG-CR,Cross River,2015,0,0.0,0.0,0.0
NG-CR,Cross River,2016,0,0.0,0.0,0.0
NG-CR,Cross River,2017,3,172.0,172.0,172.0
NG-CR,Cross River,2018,2,2.0,2.0,2.0
NG-CR,Cross River,2019,3,6.0,10.0,6.0
NG-CR,Cross River,2020,0,0.0,0.0,0.0
NG-CR,Cross River,2021,0,0.0,0.0,0.0
NG-CR,Cross River,2022,2,14.0,22.0,14.0
NG-CR,Cross River,2023,2,2.0,2.0,2.0
NG-CR,Cross River,2024,1,8.0,8.0,8.0
NG-DE,Delta,1990,0,0.0,0.0,0.0
NG-DE,Delta,1991,0,0.0,0.0,0.0
NG-DE,Delta,1992,0,0.0,0.0,0.0
NG-DE,Delta,1993,0,0.0,0.0,0.0
NG-DE,Delta,1994,0,0.0,0.0,0.0
NG-DE,Delta,1995,0,0.0,0.0,0.0
NG-DE,Delta,1996,1,1.0,1.0,1.0
NG-DE,Delta,1997,12,437.0,437.0,437.0
NG-DE,Delta,1998,8,105.0,127.0,105.0
NG-DE,Delta,1999,14,210.0,352.0,210.0
NG-DE,Delta,2000,0,0.0,0.0,0.0
NG-DE,Delta,2001,0,0.0,0.0,0.0
NG-DE,Delta,2002,0,0.0,0.0,0.0
NG-DE,Delta,2003,24,194.0,243.0,194.0
NG-DE,Delta,2004,6,20.0,78.0,20.0
NG-DE,Delta,2005,2,2.0,2.0,2.0
NG-DE,Delta,2006,0,0.0,0.0,0.0
NG-DE,Delta,2007,1,4.0,4.0,4.0
NG-DE,Delta,2008,3,4.0,4.0,4.0
NG-DE,Delta,2009,4,17.0,20.0,17.0
NG-DE,Delta,2010,0,0.0,0.0,0.0
NG-DE,Delta,2011,5,4.0,10.0,4.0
NG-DE,Delta,2012,0,0.0,0.0,0.0
NG-DE,Delta,2013,1,1.0,1.0,1.0
NG-DE,Delta,2014,0,0.0,0.0,0.0
NG-DE,Delta,2015,1,5.0,5.0,5.0
NG-DE,Delta,2016,5,41.0,41.0,41.0
NG-DE,Delta,2017,1,2.0,2.0,2.0
NG-DE,Delta,2018,0,0.0,0.0,0.0
NG-DE,Delta,2019,3,9.0,9.0,6.0
NG-DE,Delta,2020,7,12.0,13.0,12.0
NG-DE,Delta,2021,1,0.0,4.0,0.0
NG-DE,Delta,2022,8,14.0,19.0,7.0
NG-DE,Delta,2023,6,4.0,9.0,3.0
NG-DE,Delta,2024,7,12.0,12.0,12.0
NG-EB,Ebonyi,1990,0,0.0,0.0,0.0
NG-EB,Ebonyi,1991,0,0.0,0.0,0.0
NG-EB,Ebonyi,1992,0,0.0,0.0,0.0
NG-EB,Ebonyi,1993,0,0.0,0.0,0.0
NG-EB,Ebonyi,1994,0,0.0,0.0,0.0
NG-EB,Ebonyi,1995,0,0.0,0.0,0.0
NG-EB,Ebonyi,1996,0,0.0,0.0,0.0
NG-EB,Ebonyi,1997,0,0.0,0.0,0.0
NG-EB,Ebonyi,1998,0,0.0,0.0,0.0
NG-EB,Ebonyi,1999,0,0.0,0.0,0.0
NG-EB,Ebonyi,2000,0,0.0,0.0,0.0
NG-EB,Ebonyi,2001,0,0.0,0.0,0.0
NG-EB,Ebonyi,2002,0,0.0,0.0,0.0
NG-EB,Ebonyi,2003,4,25.0,36.0,25.0
NG-EB,Ebonyi,2004,1,18.0,18.0,18.0
NG-EB,Ebonyi,2005,0,0.0,0.0,0.0
NG-EB,Ebonyi,2006,1,2.0,2.0,2.0
NG-EB,Ebonyi,2007,0,0.0,0.0,0.0
NG-EB,Ebonyi,2008,2,20.0,20.0,20.0
NG-EB,Ebonyi,2009,2,14.0,14.0,14.0
NG-EB,Ebonyi,2010,4,22.0,32.0,15.0
NG-EB,Ebonyi,2011,3,54.0,64.0,42.0
NG-EB,Ebonyi,2012,0,0.0,0.0,0.0
NG-EB,Ebonyi,2013,0,0.0,0.0,0.0
NG-EB,Ebonyi,2014,0,0.0,0.0,0.0
NG-EB,Ebonyi,2015,0,0.0,0.0,0.0
NG-EB,Ebonyi,2016,0,0.0,0.0,0.0
NG-EB,Ebonyi,2017,0,0.0,0.0,0.0
NG-EB,Ebonyi,2018,3,15.0,18.0,15.0
NG-EB,Ebonyi,2019,3,6.0,6.0,6.0
NG-EB,Ebonyi,2020,2,4.0,4.0,4.0
NG-EB,Ebonyi,2021,13,92.0,140.0,46.0
NG-EB,Ebonyi,2022,9,31.0,32.0,30.0
NG-EB,Ebonyi,2023,4,5.0,6.0,3.0
NG-EB,Ebonyi,2024,5,26.0,26.0,14.0
NG-ED,Edo,1990,0,0.0,0.0,0.0
NG-ED,Edo,1991,0,0.0,0.0,0.0
NG-ED,Edo,1992,0,0.0,0.0,0.0
NG-ED,Edo,1993,0,0.0,0.0,0.0
NG-ED,Edo,1994,0,0.0,0.0,0.0
NG-ED,Edo,1995,0,0.0,0.0,0.0
NG-ED,Edo,1996,0,0.0,0.0,0.0
NG-ED,Edo,1997,0,0.0,0.0,0.0
NG-ED,Edo,1998,0,0.0,0.0,0.0
NG-ED,Edo,1999,0,0.0,0.0,0.0
NG-ED,Edo,2000,0,0.0,0.0,0.0
NG-ED,Edo,2001,0,0.0,0.0,0.0
NG-ED,Edo,2002,0,0.0,0.0,0.0
NG-ED,Edo,2003,2,2.0,2.0,2.0
NG-ED,Edo,2004,0,0.0,0.0,0.0
NG-ED,Edo,2005,5,22.0,29.0,22.0
NG-ED,Edo,2006,2,11.0,11.0,11.0
NG-ED,Edo,2007,0,0.0,0.0,0.0
NG-ED,Edo,2008,4,10.0,12.0,10.0
NG-ED,Edo,2009,2,23.0,27.0,22.0
NG-ED,Edo,2010,5,27.0,37.0,27.0
NG-ED,Edo,2011,5,26.0,30.0,26.0
NG-ED,Edo,2012,6,25.0,25.0,25.0
NG-ED,Edo,2013,2,22.0,22.0,22.0
NG-ED,Edo,2014,4,41.0,41.0,41.0
NG-ED,Edo,2015,3,28.0,30.0,28.0
NG-ED,Edo,2016,6,18.0,21.0,18.0
NG-ED,Edo,2017,0,0.0,0.0,0.0
NG-ED,Edo,2018,0,0.0,0.0,0.0
NG-ED,Edo,2019,10,32.0,32.0,32.0
NG-ED,Edo,2020,11,46.0,46.0,46.0
NG-ED,Edo,2021,0,0.0,0.0,0.0
NG-ED,Edo,2022,2,3.0,3.0,3.0
NG-ED,Edo,2023,11,23.0,23.0,23.0
NG-ED,Edo,2024,4,9.0,9.0,9.0
NG-EK,Ekiti,1990,0,0.0,0.0,0.0
NG-EK,Ekiti,1991,0,0.0,0.0,0.0
NG-EK,Ekiti,1992,0,0.0,0.0,0.0
NG-EK,Ekiti,1993,0,0.0,0.0,0.0
NG-EK,Ekiti,1994,0,0.0,0.0,0.0
NG-EK,Ekiti,1995,0,0.0,0.0,0.0
NG-EK,Ekiti,1996,0,0.0,0.0,0.0
NG-EK,Ekiti,1997,0,0.0,0.0,0.0
NG-EK,Ekiti,1998,0,0.0,0.0,0.0
NG-EK,Ekiti,1999,0,0.0,0.0,0.0
NG-EK,Ekiti,2000,0,0.0,0.0,0.0
NG-EK,Ekiti,2001,0,0.0,0.0,0.0
NG-EK,Ekiti,2002,0,0.0,0.0,0.0
NG-EK,Ekiti,2003,0,0.0,0.0,0.0
NG-EK,Ekiti,2004,1,6.0,6.0,6.0
NG-EK,Ekiti,2005,0,0.0,0.0,0.0
NG-EK,Ekiti,2006,0,0.0,0.0,0.0
NG-EK,Ekiti,2007,0,0.0,0.0,0.0
NG-EK,Ekiti,2008,0,0.0,0.0,0.0
NG-EK,Ekiti,2009,1,0.0,1.0,0.0
NG-EK,Ekiti,2010,0,0.0,0.0,0.0
NG-EK,Ekiti,2011,2,2.0,2.0,2.0
NG-EK,Ekiti,2012,0,0.0,0.0,0.0
NG-EK,Ekiti,2013,0,0.0,0.0,0.0
NG-EK,Ekiti,2014,1,0.0,1.0,0.0
NG-EK,Ekiti,2015,0,0.0,0.0,0.0
NG-EK,Ekiti,2016,0,0.0,0.0,0.0
NG-EK,Ekiti,2017,0,0.0,0.0,0.0
NG-EK,Ekiti,2018,2,2.0,2.0,2.0
NG-EK,Ekiti,2019,0,0.0,0.0,0.0
NG-EK,Ekiti,2020,0,0.0,0.0,0.0
NG-EK,Ekiti,2021,1,6.0,6.0,6.0
NG-EK,Ekiti,2022,0,0.0,0.0,0.0
NG-EK,Ekiti,2023,0,0.0,0.0,0.0
NG-EK,Ekiti,2024,0,0.0,0.0,0.0
NG-EN,Enugu,1990,0,0.0,0.0,0.0
NG-EN,Enugu,1991,0,0.0,0.0,0.0
NG-EN,Enugu,1992,0,0.0,0.0,0.0
NG-EN,Enugu,1993,0,0.0,0.0,0.0
NG-EN,Enugu,1994,0,0.0,0.0,0.0
NG-EN,Enugu,1995,0,0.0,0.0,0.0
NG-EN,Enugu,1996,0,0.0,0.0,0.0
NG-EN,Enugu,1997,0,0.0,0.0,0.0
NG-EN,Enugu,1998,0,0.0,0.0,0.0
NG-EN,Enugu,1999,1,1.0,1.0,1.0
NG-EN,Enugu,2000,0,0.0,0.0,0.0
NG-EN,Enugu,2001,0,0.0,0.0,0.0
NG-EN,Enugu,2002,0,0.0,0.0,0.0
NG-EN,Enugu,2003,1,5.0,5.0,5.0
NG-EN,Enugu,2004,0,0.0,0.0,0.0
NG-EN,Enugu,2005,1,10.0,10.0,10.0
NG-EN,Enugu,2006,3,9.0,9.0,9.0
NG-EN,Enugu,2007,1,2.0,2.0,2.0
NG-EN,Enugu,2008,2,2.0,2.0,2.0
NG-EN,Enugu,2009,1,1.0,1.0,1.0
NG-EN,Enugu,2010,0,0.0,0.0,0.0
NG-EN,Enugu,2011,0,0.0,0.0,0.0
NG-EN,Enugu,2012,0,0.0,0.0,0.0
NG-EN,Enugu,2013,0,0.0,0.0,0.0
NG-EN,Enugu,2014,0,0.0,0.0,0.0
NG-EN,Enugu,2015,0,0.0,0.0,0.0
NG-EN,Enugu,2016,7,20.0,56.0,20.0
NG-EN,Enugu,2017,0,0.0,0.0,0.0
NG-EN,Enugu,2018,0,0.0,0.0,0.0
NG-EN,Enugu,2019,3,1.0,4.0,1.0
NG-EN,Enugu,2020,0,0.0,0.0,0.0
NG-EN,Enugu,2021,10,18.0,44.0,15.0
NG-EN,Enugu,2022,17,44.0,75.0,37.0
NG-EN,Enugu,2023,10,19.0,26.0,12.0
NG-EN,Enugu,2024,16,35.0,48.0,21.0
NG-FC,FCT,1990,0,0.0,0.0,0.0
NG-FC,FCT,1991,0,0.0,0.0,0.0
NG-FC,FCT,1992,0,0.0,0.0,0.0
NG-FC,FCT,1993,0,0.0,0.0,0.0
NG-FC,FCT,1994,0,0.0,0.0,0.0
NG-FC,FCT,1995,0,0.0,0.0,0.0
NG-FC,FCT,1996,0,0.0,0.0,0.0
NG-FC,FCT,1997,0,0.0,0.0,0.0
NG-FC,FCT,1998,0,0.0,0.0,0.0
NG-FC,FCT,1999,0,0.0,0.0,0.0
NG-FC,FCT,2000,0,0.0,0.0,0.0
NG-FC,FCT,2001,0,0.0,0.0,0.0
NG-FC,FCT,2002,0,0.0,0.0,0.0
NG-FC,FCT,2003,0,0.0,0.0,0.0
NG-FC,FCT,2004,0,0.0,0.0,0.0
NG-FC,FCT,2005,0,0.0,0.0,0.0
NG-FC,FCT,2006,0,0.0,0.0,0.0
NG-FC,FCT,2007,0,0.0,0.0,0.0
NG-FC,FCT,2008,0,0.0,0.0,0.0
NG-FC,FCT,2009,1,3.0,3.0,3.0
NG-FC,FCT,2010,0,0.0,0.0,0.0
NG-FC,FCT,2011,5,71.0,75.0,71.0
NG-FC,FCT,2012,2,5.0,5.0,4.0
NG-FC,FCT,2013,0,0.0,0.0,0.0
NG-FC,FCT,2014,4,119.0,145.0,111.0
NG-FC,FCT,2015,1,20.0,20.0,20.0
NG-FC,FCT,2016,0,0.0,0.0,0.0
NG-FC,FCT,2017,0,0.0,0.0,0.0
NG-FC,FCT,2018,2,40.0,40.0,40.0
NG-FC,FCT,2019,0,0.0,0.0,0.0
NG-FC,FCT,2020,0,0.0,0.0,0.0
NG-FC,FCT,2021,0,0.0,0.0,0.0
NG-FC,FCT,2022,2,3.0,4.0,3.0
NG-FC,FCT,2023,3,3.0,3.0,3.0
NG-FC,FCT,2024,0,0.0,0.0,0.0
NG-GO,Gombe,1990,0,0.0,0.0,0.0
NG-GO,Gombe,1991,0,0.0,0.0,0.0
NG-GO,Gombe,1992,0,0.0,0.0,0.0
NG-GO,Gombe,1993,0,0.0,0.0,0.0
NG-GO,Gombe,1994,0,0.0,0.0,0.0
NG-GO,Gombe,1995,0,0.0,0.0,0.0
NG-GO,Gombe,1996,0,0.0,0.0,0.0
NG-GO,Gombe,1997,0,0.0,0.0,0.0
NG-GO,Gombe,1998,0,0.0,0.0,0.0
NG-GO,Gombe,1999,0,0.0,0.0,0.0
NG-GO,Gombe,2000,1,10.0,10.0,10.0
NG-GO,Gombe,2001,0,0.0,0.0,0.0
NG-GO,Gombe,2002,0,0.0,0.0,0.0
NG-GO,Gombe,2003,0,0.0,0.0,0.0
NG-GO,Gombe,2004,0,0.0,0.0,0.0
NG-GO,Gombe,2005,0,0.0,0.0,0.0
NG-GO,Gombe,2006,0,0.0,0.0,0.0
NG-GO,Gombe,2007,1,1.0,1.0,1.0
NG-GO,Gombe,2008,0,0.0,0.0,0.0
NG-GO,Gombe,2009,0,0.0,0.0,0.0
NG-GO,Gombe,2010,0,0.0,0.0,0.0
NG-GO,Gombe,2011,2,11.0,28.0,12.0
NG-GO,Gombe,2012,5,26.0,36.0,26.0
NG-GO,Gombe,2013,4,16.0,19.0,16.0
NG-GO,Gombe,2014,7,90.0,120.0,90.0
NG-GO,Gombe,2015,12,307.0,380.0,307.0
NG-GO,Gombe,2016,1,32.0,32.0,32.0
NG-GO,Gombe,2017,0,0.0,0.0,0.0
NG-GO,Gombe,2018,1,1.0,1.0,1.0
NG-GO,Gombe,2019,0,0.0,0.0,0.0
NG-GO,Gombe,2020,5,7.0,14.0,7.0
NG-GO,Gombe,2021,7,39.0,109.0,38.0
NG-GO,Gombe,2022,5,76.0,69.0,37.0
NG-GO,Gombe,2023,0,0.0,0.0,0.0
NG-GO,Gombe,2024,1,33.0,33.0,33.0
NG-IM,Imo,1990,0,0.0,0.0,0.0
NG-IM,Imo,1991,0,0.0,0.0,0.0
NG-IM,Imo,1992,0,0.0,0.0,0.0
NG-IM,Imo,1993,0,0.0,0.0,0.0
NG-IM,Imo,1994,0,0.0,0.0,0.0
NG-IM,Imo,1995,0,0.0,0.0,0.0
NG-IM,Imo,1996,0,0.0,0.0,0.0
NG-IM,Imo,1997,0,0.0,0.0,0.0
NG-IM,Imo,1998,0,0.0,0.0,0.0
NG-IM,Imo,1999,0,0.0,0.0,0.0
NG-IM,Imo,2000,0,0.0,0.0,0.0
NG-IM,Imo,2001,3,19.0,19.0,19.0
NG-IM,Imo,2002,0,0.0,0.0,0.0
NG-IM,Imo,2003,1,1.0,1.0,1.0
NG-IM,Imo,2004,0,0.0,0.0,0.0
NG-IM,Imo,2005,0,0.0,0.0,0.0
NG-IM,Imo,2006,0,0.0,0.0,0.0
NG-IM,Imo,2007,1,4.0,4.0,4.0
NG-IM,Imo,2008,1,1.0,1.0,1.0
NG-IM,Imo,2009,0,0.0,0.0,0.0
NG-IM,Imo,2010,0,0.0,0.0,0.0
NG-IM,Imo,2011,0,0.0,0.0,0.0
NG-IM,Imo,2012,0,0.0,0.0,0.0
NG-IM,Imo,2013,0,0.0,0.0,0.0
NG-IM,Imo,2014,0,0.0,0.0,0.0
NG-IM,Imo,2015,2,5.0,5.0,5.0
NG-IM,Imo,2016,3,10.0,10.0,10.0
NG-IM,Imo,2017,0,0.0,0.0,0.0
NG-IM,Imo,2018,0,0.0,0.0,0.0
NG-IM,Imo,2019,2,2.0,2.0,2.0
NG-IM,Imo,2020,1,1.0,1.0,1.0
NG-IM,Imo,2021,29,81.0,127.0,70.0
NG-IM,Imo,2022,30,78.0,131.0,31.0
NG-IM,Imo,2023,26,34.0,44.0,26.0
NG-IM,Imo,2024,33,94.0,107.0,64.0
NG-JI,Jigawa,1990,0,0.0,0.0,0.0
NG-JI,Jigawa,1991,0,0.0,0.0,0.0
NG-JI,Jigawa,1992,0,0.0,0.0,0.0
NG-JI,Jigawa,1993,0,0.0,0.0,0.0
NG-JI,Jigawa,1994,0,0.0,0.0,0.0
NG-JI,Jigawa,1995,0,0.0,0.0,0.0
NG-JI,Jigawa,1996,0,0.0,0.0,0.0
NG-JI,Jigawa,1997,0,0.0,0.0,0.0
NG-JI,Jigawa,1998,0,0.0,0.0,0.0
NG-JI,Jigawa,1999,0,0.0,0.0,0.0
NG-JI,Jigawa,2000,0,0.0,0.0,0.0
NG-JI,Jigawa,2001,0,0.0,0.0,0.0
NG-JI,Jigawa,2002,0,0.0,0.0,0.0
NG-JI,Jigawa,2003,0,0.0,0.0,0.0
NG-JI,Jigawa,2004,0,0.0,0.0,0.0
NG-JI,Jigawa,2005,0,0.0,0.0,0.0
NG-JI,Jigawa,2006,0,0.0,0.0,0.0
NG-JI,Jigawa,2007,0,0.0,0.0,0.0
NG-JI,Jigawa,2008,0,0.0,0.0,0.0
NG-JI,Jigawa,2009,0,0.0,0.0,0.0
NG-JI,Jigawa,2010,0,0.0,0.0,0.0
NG-JI,Jigawa,2011,2,8.0,25.0,9.0
NG-JI,Jigawa,2012,1,1.0,1.0,1.0
NG-JI,Jigawa,2013,1,3.0,3.0,3.0
NG-JI,Jigawa,2014,3,71.0,71.0,71.0
NG-JI,Jigawa,2015,0,0.0,0.0,0.0
NG-JI,Jigawa,2016,0,0.0,0.0,0.0
NG-JI,Jigawa,2017,0,0.0,0.0,0.0
NG-JI,Jigawa,2018,0,0.0,0.0,0.0
NG-JI,Jigawa,2019,0,0.0,0.0,0.0
NG-JI,Jigawa,2020,0,0.0,0.0,0.0
NG-JI,Jigawa,2021,0,0.0,0.0,0.0
NG-JI,Jigawa,2022,0,0.0,0.0,0.0
NG-JI,Jigawa,2023,2,1.0,4.0,1.0
NG-JI,Jigawa,2024,0,0.0,0.0,0.0
NG-KD,Kaduna,1990,0,0.0,0.0,0.0
NG-KD,Kaduna,1991,0,0.0,0.0,0.0
NG-KD,Kaduna,1992,6,582.0,1925.0,547.0
NG-KD,Kaduna,1993,0,0.0,0.0,0.0
NG-KD,Kaduna,1994,0,0.0,0.0,0.0
NG-KD,Kaduna,1995,0,0.0,0.0,0.0
NG-KD,Kaduna,1996,1,2.0,2.0,2.0
NG-KD,Kaduna,1997,0,0.0,0.0,0.0
NG-KD,Kaduna,1998,1,0.0,2.0,0.0
NG-KD,Kaduna,1999,1,100.0,100.0,100.0
NG-KD,Kaduna,2000,7,1850.0,5212.0,1338.0
NG-KD,Kaduna,2001,2,11.0,17.0,11.0
NG-KD,Kaduna,2002,18,221.0,221.0,221.0
NG-KD,Kaduna,2003,1,1.0,1.0,1.0
NG-KD,Kaduna,2004,0,0.0,0.0,0.0
NG-KD,Kaduna,2005,0,0.0,0.0,0.0
NG-KD,Kaduna,2006,0,0.0,0.0,0.0
NG-KD,Kaduna,2007,0,0.0,0.0,0.0
NG-KD,Kaduna,2008,1,0.0,4.0,0.0
NG-KD,Kaduna,2009,0,0.0,0.0,0.0
NG-KD,Kaduna,2010,2,6.0,13.0,3.0
NG-KD,Kaduna,2011,11,692.0,711.0,693.0
NG-KD,Kaduna,2012,27,202.0,215.0,160.0
NG-KD,Kaduna,2013,10,55.0,56.0,55.0
NG-KD,Kaduna,2014,19,285.0,428.0,285.0
NG-KD,Kaduna,2015,9,66.0,67.0,66.0
NG-KD,Kaduna,2016,10,125.0,143.0,113.0
NG-KD,Kaduna,2017,10,76.0,91.0,76.0
NG-KD,Kaduna,2018,7,82.0,103.0,82.0
NG-KD,Kaduna,2019,12,169.0,299.0,162.0
NG-KD,Kaduna,2020,38,248.0,256.0,248.0
NG-KD,Kaduna,2021,8,37.0,40.0,32.0
NG-KD,Kaduna,2022,9,66.0,132.0,28.0
NG-KD,Kaduna,2023,5,74.0,74.0,47.0
NG-KD,Kaduna,2024,1,2.0,2.0,2.0
NG-KE,Kebbi,1990,0,0.0,0.0,0.0
NG-KE,Kebbi,1991,0,0.0,0.0,0.0
NG-KE,Kebbi,1992,0,0.0,0.0,0.0
NG-KE,Kebbi,1993,0,0.0,0.0,0.0
NG-KE,Kebbi,1994,0,0.0,0.0,0.0
NG-KE,Kebbi,1995,0,0.0,0.0,0.0
NG-KE,Kebbi,1996,0,0.0,0.0,0.0
NG-KE,Kebbi,1997,0,0.0,0.0,0.0
NG-KE,Kebbi,1998,0,0.0,0.0,0.0
NG-KE,Kebbi,1999,0,0.0,0.0,0.0
NG-KE,Kebbi,2000,0,0.0,0.0,0.0
NG-KE,Kebbi,2001,0,0.0,0.0,0.0
NG-KE,Kebbi,2002,0,0.0,0.0,0.0
NG-KE,Kebbi,2003,0,0.0,0.0,0.0
NG-KE,Kebbi,2004,1,3.0,3.0,3.0
NG-KE,Kebbi,2005,0,0.0,0.0,0.0
NG-KE,Kebbi,2006,0,0.0,0.0,0.0
NG-KE,Kebbi,2007,0,0.0,0.0,0.0
NG-KE,Kebbi,2008,0,0.0,0.0,0.0
NG-KE,Kebbi,2009,0,0.0,0.0,0.0
NG-KE,Kebbi,2010,0,0.0,0.0,0.0
NG-KE,Kebbi,2011,0,0.0,0.0,0.0
NG-KE,Kebbi,2012,0,0.0,0.0,0.0
NG-KE,Kebbi,2013,0,0.0,0.0,0.0
NG-KE,Kebbi,2014,0,0.0,0.0,0.0
NG-KE,Kebbi,2015,0,0.0,0.0,0.0
NG-KE,Kebbi,2016,0,0.0,0.0,0.0
NG-KE,Kebbi,2017,0,0.0,0.0,0.0
NG-KE,Kebbi,2018,0,0.0,0.0,0.0
NG-KE,Kebbi,2019,0,0.0,0.0,0.0
NG-KE,Kebbi,2020,0,0.0,0.0,0.0
NG-KE,Kebbi,2021,0,0.0,0.0,0.0
NG-KE,Kebbi,2022,0,0.0,0.0,0.0
NG-KE,Kebbi,2023,1,1.0,1.0,1.0
NG-KE,Kebbi,2024,1,6.0,6.0,0.0
NG-KN,Kano,1990,0,0.0,0.0,0.0
NG-KN,Kano,1991,1,200.0,300.0,200.0
NG-KN,Kano,1992,0,0.0,0.0,0.0
NG-KN,Kano,1993,0,0.0,0.0,0.0
NG-KN,Kano,1994,0,0.0,0.0,0.0
NG-KN,Kano,1995,0,0.0,0.0,0.0
NG-KN,Kano,1996,0,0.0,0.0,0.0
NG-KN,Kano,1997,0,0.0,0.0,0.0
NG-KN,Kano,1998,3,17.0,22.0,17.0
NG-KN,Kano,1999,2,33.0,73.0,33.0
NG-KN,Kano,2000,0,0.0,0.0,0.0
NG-KN,Kano,2001,2,200.0,201.0,200.0
NG-KN,Kano,2002,0,0.0,0.0,0.0
NG-KN,Kano,2003,2,3.0,4.0,3.0
NG-KN,Kano,2004,3,225.0,275.0,225.0
NG-KN,Kano,2005,0,0.0,0.0,0.0
NG-KN,Kano,2006,0,0.0,0.0,0.0
NG-KN,Kano,2007,1,9.0,9.0,9.0
NG-KN,Kano,2008,0,0.0,0.0,0.0
NG-KN,Kano,2009,2,3.0,22.0,3.0
NG-KN,Kano,2010,1,0.0,3.0,0.0
NG-KN,Kano,2011,3,14.0,32.0,15.0
NG-KN,Kano,2012,36,263.0,315.0,234.0
NG-KN,Kano,2013,17,77.0,157.0,77.0
NG-KN,Kano,2014,9,132.0,166.0,132.0
NG-KN,Kano,2015,6,57.0,81.0,57.0
NG-KN,Kano,2016,1,1.0,1.0,1.0
NG-KN,Kano,2017,1,0.0,3.0,0.0
NG-KN,Kano,2018,0,0.0,0.0,0.0
NG-KN,Kano,2019,1,2.0,2.0,2.0
NG-KN,Kano,2020,1,2.0,2.0,2.0
NG-KN,Kano,2021,0,0.0,0.0,0.0
NG-KN,Kano,2022,2,2.0,3.0,2.0
NG-KN,Kano,2023,0,0.0,0.0,0.0
NG-KN,Kano,2024,0,0.0,0.0,0.0
NG-KO,Kogi,1990,0,0.0,0.0,0.0
NG-KO,Kogi,1991,0,0.0,0.0,0.0
NG-KO,Kogi,1992,0,0.0,0.0,0.0
NG-KO,Kogi,1993,0,0.0,0.0,0.0
NG-KO,Kogi,1994,0,0.0,0.0,0.0
NG-KO,Kogi,1995,0,0.0,0.0,0.0
NG-KO,Kogi,1996,0,0.0,0.0,0.0
NG-KO,Kogi,1997,0,0.0,0.0,0.0
NG-KO,Kogi,1998,0,0.0,0.0,0.0
NG-KO,Kogi,1999,0,0.0,0.0,0.0
NG-KO,Kogi,2000,0,0.0,0.0,0.0
NG-KO,Kogi,2001,0,0.0,0.0,0.0
NG-KO,Kogi,2002,0,0.0,0.0,0.0
NG-KO,Kogi,2003,1,2.0,2.0,2.0
NG-KO,Kogi,2004,0,0.0,0.0,0.0
NG-KO,Kogi,2005,0,0.0,0.0,0.0
NG-KO,Kogi,2006,0,0.0,0.0,0.0
NG-KO,Kogi,2007,0,0.0,0.0,0.0
NG-KO,Kogi,2008,2,26.0,26.0,26.0
NG-KO,Kogi,2009,0,0.0,0.0,0.0
NG-KO,Kogi,2010,0,0.0,0.0,0.0
NG-KO,Kogi,2011,0,0.0,0.0,0.0
NG-KO,Kogi,2012,5,36.0,36.0,36.0
NG-KO,Kogi,2013,2,2.0,3.0,2.0
NG-KO,Kogi,2014,1,0.0,3.0,0.0
NG-KO,Kogi,2015,3,6.0,6.0,6.0
NG-KO,Kogi,2016,1,2.0,2.0,2.0
NG-KO,Kogi,2017,0,0.0,0.0,0.0
NG-KO,Kogi,2018,5,38.0,45.0,12.0
NG-KO,Kogi,2019,10,29.0,46.0,10.0
NG-KO,Kogi,2020,7,11.0,34.0,11.0
NG-KO,Kogi,2021,0,0.0,0.0,0.0
NG-KO,Kogi,2022,11,37.0,43.0,37.0
NG-KO,Kogi,2023,4,10.0,12.0,10.0
NG-KO,Kogi,2024,2,31.0,31.0,31.0
NG-KT,Katsina,1990,0,0.0,0.0,0.0
NG-KT,Katsina,1991,0,0.0,0.0,0.0
NG-KT,Katsina,1992,0,0.0,0.0,0.0
NG-KT,Katsina,1993,0,0.0,0.0,0.0
NG-KT,Katsina,1994,0,0.0,0.0,0.0
NG-KT,Katsina,1995,0,0.0,0.0,0.0
NG-KT,Katsina,1996,0,0.0,0.0,0.0
NG-KT,Katsina,1997,0,0.0,0.0,0.0
NG-KT,Katsina,1998,0,0.0,0.0,0.0
NG-KT,Katsina,1999,0,0.0,0.0,0.0
NG-KT,Katsina,2000,0,0.0,0.0,0.0
NG-KT,Katsina,2001,0,0.0,0.0,0.0
NG-KT,Katsina,2002,0,0.0,0.0,0.0
NG-KT,Katsina,2003,0,0.0,0.0,0.0
NG-KT,Katsina,2004,0,0.0,0.0,0.0
NG-KT,Katsina,2005,0,0.0,0.0,0.0
NG-KT,Katsina,2006,0,0.0,0.0,0.0
NG-KT,Katsina,2007,0,0.0,0.0,0.0
NG-KT,Katsina,2008,0,0.0,0.0,0.0
NG-KT,Katsina,2009,0,0.0,0.0,0.0
NG-KT,Katsina,2010,0,0.0,0.0,0.0
NG-KT,Katsina,2011,3,15.0,32.0,13.0
NG-KT,Katsina,2012,0,0.0,0.0,0.0
NG-KT,Katsina,2013,1,0.0,5.0,0.0
NG-KT,Katsina,2014,1,2.0,2.0,2.0
NG-KT,Katsina,2015,0,0.0,0.0,0.0
NG-KT,Katsina,2016,0,0.0,0.0,0.0
NG-KT,Katsina,2017,0,0.0,0.0,0.0
NG-KT,Katsina,2018,0,0.0,0.0,0.0
NG-KT,Katsina,2019,0,0.0,0.0,0.0
NG-KT,Katsina,2020,2,11.0,17.0,11.0
NG-KT,Katsina,2021,0,0.0,0.0,0.0
NG-KT,Katsina,2022,0,0.0,0.0,0.0
NG-KT,Katsina,2023,0,0.0,0.0,0.0
NG-KT,Katsina,2024,0,0.0,0.0,0.0
NG-KW,Kwara,1990,0,0.0,0.0,0.0
NG-KW,Kwara,1991,0,0.0,0.0,0.0
NG-KW,Kwara,1992,0,0.0,0.0,0.0
NG-KW,Kwara,1993,0,0.0,0.0,0.0
NG-KW,Kwara,1994,0,0.0,0.0,0.0
NG-KW,Kwara,1995,0,0.0,0.0,0.0
NG-KW,Kwara,1996,0,0.0,0.0,0.0
NG-KW,Kwara,1997,0,0.0,0.0,0.0
NG-KW,Kwara,1998,0,0.0,0.0,0.0
NG-KW,Kwara,1999,0,0.0,0.0,0.0
NG-KW,Kwara,2000,0,0.0,0.0,0.0
NG-KW,Kwara,2001,0,0.0,0.0,0.0
NG-KW,Kwara,2002,1,2.0,2.0,2.0
NG-KW,Kwara,2003,4,5.0,8.0,5.0
NG-KW,Kwara,2004,0,0.0,0.0,0.0
NG-KW,Kwara,2005,0,0.0,0.0,0.0
NG-KW,Kwara,2006,0,0.0,0.0,0.0
NG-KW,Kwara,2007,0,0.0,0.0,0.0
NG-KW,Kwara,2008,0,0.0,0.0,0.0
NG-KW,Kwara,2009,0,0.0,0.0,0.0
NG-KW,Kwara,2010,0,0.0,0.0,0.0
NG-KW,Kwara,2011,0,0.0,0.0,0.0
NG-KW,Kwara,2012,0,0.0,0.0,0.0
NG-KW,Kwara,2013,2,4.0,4.0,4.0
NG-KW,Kwara,2014,2,9.0,9.0,9.0
NG-KW,Kwara,2015,2,18.0,18.0,18.0
NG-KW,Kwara,2016,0,0.0,0.0,0.0
NG-KW,Kwara,2017,2,8.0,8.0,8.0
NG-KW,Kwara,2018,2,5.0,5.0,5.0
NG-KW,Kwara,2019,0,0.0,0.0,0.0
NG-KW,Kwara,2020,1,1.0,1.0,1.0
NG-KW,Kwara,2021,3,9.0,9.0,9.0
NG-KW,Kwara,2022,6,8.0,12.0,2.0
NG-KW,Kwara,2023,4,9.0,9.0,9.0
NG-KW,Kwara,2024,3,2.0,3.0,1.0
NG-LA,Lagos,1990,0,0.0,0.0,0.0
NG-LA,Lagos,1991,0,0.0,0.0,0.0
NG-LA,Lagos,1992,1,1.0,1.0,1.0
NG-LA,Lagos,1993,1,2.0,2.0,2.0
NG-LA,Lagos,1994,3,6.0,6.0,6.0
NG-LA,Lagos,1995,0,0.0,0.0,0.0
NG-LA,Lagos,1996,1,1.0,1.0,1.0
NG-LA,Lagos,1997,0,0.0,0.0,0.0
NG-LA,Lagos,1998,2,58.0,98.0,58.0
NG-LA,Lagos,1999,0,0.0,0.0,0.0
NG-LA,Lagos,2000,3,4.0,5.0,4.0
NG-LA,Lagos,2001,0,0.0,0.0,0.0
NG-LA,Lagos,2002,2,101.0,101.0,51.0
NG-LA,Lagos,2003,7,26.0,33.0,26.0
NG-LA,Lagos,2004,0,0.0,0.0,0.0
NG-LA,Lagos,2005,1,1.0,1.0,1.0
NG-LA,Lagos,2006,0,0.0,0.0,0.0
NG-LA,Lagos,2007,1,3.0,3.0,3.0
NG-LA,Lagos,2008,1,1.0,1.0,1.0
NG-LA,Lagos,2009,2,5.0,5.0,5.0
NG-LA,Lagos,2010,1,1.0,6.0,1.0
NG-LA,Lagos,2011,5,8.0,8.0,8.0
NG-LA,Lagos,2012,4,19.0,19.0,19.0
NG-LA,Lagos,2013,11,19.0,19.0,19.0
NG-LA,Lagos,2014,9,12.0,17.0,12.0
NG-LA,Lagos,2015,6,10.0,10.0,10.0
NG-LA,Lagos,2016,10,35.0,36.0,35.0
NG-LA,Lagos,2017,3,9.0,9.0,9.0
NG-LA,Lagos,2018,5,7.0,7.0,7.0
NG-LA,Lagos,2019,32,63.0,69.0,63.0
NG-LA,Lagos,2020,8,26.0,50.0,26.0
NG-LA,Lagos,2021,9,15.0,15.0,12.0
NG-LA,Lagos,2022,12,14.0,15.0,14.0
NG-LA,Lagos,2023,10,17.0,17.0,17.0
NG-LA,Lagos,2024,5,7.0,7.0,7.0
NG-NA,Nasarawa,1990,0,0.0,0.0,0.0
NG-NA,Nasarawa,1991,0,0.0,0.0,0.0
NG-NA,Nasarawa,1992,0,0.0,0.0,0.0
NG-NA,Nasarawa,1993,0,0.0,0.0,0.0
NG-NA,Nasarawa,1994,0,0.0,0.0,0.0
NG-NA,Nasarawa,1995,0,0.0,0.0,0.0
NG-NA,Nasarawa,1996,0,0.0,0.0,0.0
NG-NA,Nasarawa,1997,1,10.0,24.0,10.0
NG-NA,Nasarawa,1998,0,0.0,0.0,0.0
NG-NA,Nasarawa,1999,0,0.0,0.0,0.0
NG-NA,Nasarawa,2000,0,0.0,0.0,0.0
NG-NA,Nasarawa,2001,1,200.0,200.0,200.0
NG-NA,Nasarawa,2002,0,0.0,0.0,0.0
NG-NA,Nasarawa,2003,1,4.0,4.0,4.0
NG-NA,Nasarawa,2004,0,0.0,0.0,0.0
NG-NA,Nasarawa,2005,0,0.0,0.0,0.0
NG-NA,Nasarawa,2006,0,0.0,0.0,0.0
NG-NA,Nasarawa,2007,0,0.0,0.0,0.0
NG-NA,Nasarawa,2008,0,0.0,0.0,0.0
NG-NA,Nasarawa,2009,2,33.0,71.0,33.0
NG-NA,Nasarawa,2010,0,0.0,0.0,0.0
NG-NA,Nasarawa,2011,8,11.0,95.0,11.0
NG-NA,Nasarawa,2012,5,75.0,75.0,75.0
NG-NA,Nasarawa,2013,16,142.0,170.0,142.0
NG-NA,Nasarawa,2014,28,260.0,420.0,260.0
NG-NA,Nasarawa,2015,2,3.0,3.0,3.0
NG-NA,Nasarawa,2016,4,34.0,52.0,34.0
NG-NA,Nasarawa,2017,0,0.0,0.0,0.0
NG-NA,Nasarawa,2018,31,167.0,231.0,154.0
NG-NA,Nasarawa,2019,2,5.0,5.0,5.0
NG-NA,Nasarawa,2020,5,7.0,13.0,7.0
NG-NA,Nasarawa,2021,9,74.0,77.0,31.0
NG-NA,Nasarawa,2022,4,16.0,16.0,16.0
NG-NA,Nasarawa,2023,3,4.0,4.0,4.0
NG-NA,Nasarawa,2024,3,10.0,10.0,10.0
NG-NI,Niger,1990,0,0.0,0.0,0.0
NG-NI,Niger,1991,0,0.0,0.0,0.0
NG-NI,Niger,1992,0,0.0,0.0,0.0
NG-NI,Niger,1993,0,0.0,0.0,0.0
NG-NI,Niger,1994,0,0.0,0.0,0.0
NG-NI,Niger,1995,0,0.0,0.0,0.0
NG-NI,Niger,1996,0,0.0,0.0,0.0
NG-NI,Niger,1997,0,0.0,0.0,0.0
NG-NI,Niger,1998,0,0.0,0.0,0.0
NG-NI,Niger,1999,0,0.0,0.0,0.0
NG-NI,Niger,2000,0,0.0,0.0,0.0
NG-NI,Niger,2001,0,0.0,0.0,0.0
NG-NI,Niger,2002,0,0.0,0.0,0.0
NG-NI,Niger,2003,0,0.0,0.0,0.0
NG-NI,Niger,2004,0,0.0,0.0,0.0
NG-NI,Niger,2005,0,0.0,0.0,0.0
NG-NI,Niger,2006,1,9.0,9.0,9.0
NG-NI,Niger,2007,0,0.0,0.0,0.0
NG-NI,Niger,2008,0,0.0,0.0,0.0
NG-NI,Niger,2009,1,1.0,1.0,1.0
NG-NI,Niger,2010,0,0.0,0.0,0.0
NG-NI,Niger,2011,4,8.0,46.0,7.0
NG-NI,Niger,2012,2,4.0,4.0,4.0
NG-NI,Niger,2013,0,0.0,0.0,0.0
NG-NI,Niger,2014,1,1.0,1.0,1.0
NG-NI,Niger,2015,0,0.0,0.0,0.0
NG-NI,Niger,2016,2,4.0,4.0,4.0
NG-NI,Niger,2017,0,0.0,0.0,0.0
NG-NI,Niger,2018,0,0.0,0.0,0.0
NG-NI,Niger,2019,1,1.0,1.0,1.0
NG-NI,Niger,2020,0,0.0,0.0,0.0
NG-NI,Niger,2021,1,2.0,2.0,0.0
NG-NI,Niger,2022,4,26.0,58.0,26.0
NG-NI,Niger,2023,2,4.0,4.0,4.0
NG-NI,Niger,2024,8,73.0,76.0,52.0
NG-OG,Ogun,1990,0,0.0,0.0,0.0
NG-OG,Ogun,1991,0,0.0,0.0,0.0
NG-OG,Ogun,1992,0,0.0,0.0,0.0
NG-OG,Ogun,1993,0,0.0,0.0,0.0
NG-OG,Ogun,1994,0,0.0,0.0,0.0
NG-OG,Ogun,1995,0,0.0,0.0,0.0
NG-OG,Ogun,1996,0,0.0,0.0,0.0
NG-OG,Ogun,1997,0,0.0,0.0,0.0
NG-OG,Ogun,1998,0,0.0,0.0,0.0
NG-OG,Ogun,1999,1,60.0,60.0,60.0
NG-OG,Ogun,2000,0,0.0,0.0,0.0
NG-OG,Ogun,2001,0,0.0,0.0,0.0
NG-OG,Ogun,2002,0,0.0,0.0,0.0
NG-OG,Ogun,2003,0,0.0,0.0,0.0
NG-OG,Ogun,2004,1,2.0,2.0,2.0
NG-OG,Ogun,2005,0,0.0,0.0,0.0
NG-OG,Ogun,2006,0,0.0,0.0,0.0
NG-OG,Ogun,2007,0,0.0,0.0,0.0
NG-OG,Ogun,2008,0,0.0,0.0,0.0
NG-OG,Ogun,2009,0,0.0,0.0,0.0
NG-OG,Ogun,2010,4,8.0,8.0,8.0
NG-OG,Ogun,2011,1,1.0,1.0,1.0
NG-OG,Ogun,2012,1,3.0,3.0,3.0
NG-OG,Ogun,2013,0,0.0,0.0,0.0
NG-OG,Ogun,2014,5,12.0,12.0,12.0
NG-OG,Ogun,2015,5,16.0,16.0,16.0
NG-OG,Ogun,2016,5,15.0,15.0,15.0
NG-OG,Ogun,2017,3,4.0,4.0,4.0
NG-OG,Ogun,2018,2,5.0,5.0,5.0
NG-OG,Ogun,2019,10,27.0,41.0,27.0
NG-OG,Ogun,2020,0,0.0,0.0,0.0
NG-OG,Ogun,2021,6,14.0,14.0,14.0
NG-OG,Ogun,2022,9,26.0,32.0,26.0
NG-OG,Ogun,2023,12,39.0,39.0,27.0
NG-OG,Ogun,2024,9,13.0,13.0,13.0
NG-ON,Ondo,1990,0,0.0,0.0,0.0
NG-ON,Ondo,1991,0,0.0,0.0,0.0
NG-ON,Ondo,1992,0,0.0,0.0,0.0
NG-ON,Ondo,1993,0,0.0,0.0,0.0
NG-ON,Ondo,1994,0,0.0,0.0,0.0
NG-ON,Ondo,1995,0,0.0,0.0,0.0
NG-ON,Ondo,1996,0,0.0,0.0,0.0
NG-ON,Ondo,1997,0,0.0,0.0,0.0
NG-ON,Ondo,1998,3,51.0,51.0,51.0
NG-ON,Ondo,1999,2,70.0,70.0,70.0
NG-ON,Ondo,2000,0,0.0,0.0,0.0
NG-ON,Ondo,2001,0,0.0,0.0,0.0
NG-ON,Ondo,2002,0,0.0,0.0,0.0
NG-ON,Ondo,2003,0,0.0,0.0,0.0
NG-ON,Ondo,2004,1,2.0,2.0,2.0
NG-ON,Ondo,2005,0,0.0,0.0,0.0
NG-ON,Ondo,2006,0,0.0,0.0,0.0
NG-ON,Ondo,2007,0,0.0,0.0,0.0
NG-ON,Ondo,2008,0,0.0,0.0,0.0
NG-ON,Ondo,2009,0,0.0,0.0,0.0
NG-ON,Ondo,2010,0,0.0,0.0,0.0
NG-ON,Ondo,2011,1,1.0,1.0,1.0
NG-ON,Ondo,2012,0,0.0,0.0,0.0
NG-ON,Ondo,2013,0,0.0,0.0,0.0
NG-ON,Ondo,2014,0,0.0,0.0,0.0
NG-ON,Ondo,2015,1,1.0,1.0,1.0
NG-ON,Ondo,2016,0,0.0,0.0,0.0
NG-ON,Ondo,2017,3,13.0,13.0,6.0
NG-ON,Ondo,2018,2,1.0,3.0,1.0
NG-ON,Ondo,2019,5,9.0,9.0,9.0
NG-ON,Ondo,2020,1,3.0,3.0,0.0
NG-ON,Ondo,2021,3,12.0,12.0,7.0
NG-ON,Ondo,2022,3,42.0,42.0,2.0
NG-ON,Ondo,2023,1,1.0,1.0,1.0
NG-ON,Ondo,2024,1,1.0,1.0,0.0
NG-OS,Osun,1990,0,0.0,0.0,0.0
NG-OS,Osun,1991,0,0.0,0.0,0.0
NG-OS,Osun,1992,0,0.0,0.0,0.0
NG-OS,Osun,1993,0,0.0,0.0,0.0
NG-OS,Osun,1994,0,0.0,0.0,0.0
NG-OS,Osun,1995,0,0.0,0.0,0.0
NG-OS,Osun,1996,0,0.0,0.0,0.0
NG-OS,Osun,1997,5,144.0,144.0,144.0
NG-OS,Osun,1998,4,34.0,40.0,34.0
NG-OS,Osun,1999,0,0.0,0.0,0.0
NG-OS,Osun,2000,8,61.0,69.0,61.0
NG-OS,Osun,2001,1,1.0,1.0,1.0
NG-OS,Osun,2002,0,0.0,0.0,0.0
NG-OS,Osun,2003,0,0.0,0.0,0.0
NG-OS,Osun,2004,1,0.0,1.0,0.0
NG-OS,Osun,2005,0,0.0,0.0,0.0
NG-OS,Osun,2006,0,0.0,0.0,0.0
NG-OS,Osun,2007,0,0.0,0.0,0.0
NG-OS,Osun,2008,0,0.0,0.0,0.0
NG-OS,Osun,2009,0,0.0,0.0,0.0
NG-OS,Osun,2010,0,0.0,0.0,0.0
NG-OS,Osun,2011,0,0.0,0.0,0.0
NG-OS,Osun,2012,0,0.0,0.0,0.0
NG-OS,Osun,2013,0,0.0,0.0,0.0
NG-OS,Osun,2014,1,2.0,2.0,2.0
NG-OS,Osun,2015,1,1.0,1.0,1.0
NG-OS,Osun,2016,0,0.0,0.0,0.0
NG-OS,Osun,2017,1,46.0,46.0,46.0
NG-OS,Osun,2018,1,1.0,1.0,1.0
NG-OS,Osun,2019,2,5.0,5.0,3.0
NG-OS,Osun,2020,2,1.0,2.0,1.0
NG-OS,Osun,2021,6,7.0,8.0,7.0
NG-OS,Osun,2022,5,14.0,18.0,13.0
NG-OS,Osun,2023,5,7.0,8.0,7.0
NG-OS,Osun,2024,2,6.0,6.0,6.0
NG-OY,Oyo,1990,0,0.0,0.0,0.0
NG-OY,Oyo,1991,0,0.0,0.0,0.0
NG-OY,Oyo,1992,0,0.0,0.0,0.0
NG-OY,Oyo,1993,0,0.0,0.0,0.0
NG-OY,Oyo,1994,0,0.0,0.0,0.0
NG-OY,Oyo,1995,0,0.0,0.0,0.0
NG-OY,Oyo,1996,0,0.0,0.0,0.0
NG-OY,Oyo,1997,0,0.0,0.0,0.0
NG-OY,Oyo,1998,4,39.0,41.0,39.0
NG-OY,Oyo,1999,0,0.0,0.0,0.0
NG-OY,Oyo,2000,1,3.0,3.0,3.0
NG-OY,Oyo,2001,0,0.0,0.0,0.0
NG-OY,Oyo,2002,1,3.0,3.0,3.0
NG-OY,Oyo,2003,0,0.0,0.0,0.0
NG-OY,Oyo,2004,2,7.0,7.0,7.0
NG-OY,Oyo,2005,0,0.0,0.0,0.0
NG-OY,Oyo,2006,0,0.0,0.0,0.0
NG-OY,Oyo,2007,1,5.0,5.0,5.0
NG-OY,Oyo,2008,0,0.0,0.0,0.0
NG-OY,Oyo,2009,0,0.0,0.0,0.0
NG-OY,Oyo,2010,0,0.0,0.0,0.0
NG-OY,Oyo,2011,4,31.0,35.0,31.0
NG-OY,Oyo,2012,0,0.0,0.0,0.0
NG-OY,Oyo,2013,0,0.0,0.0,0.0
NG-OY,Oyo,2014,0,0.0,0.0,0.0
NG-OY,Oyo,2015,0,0.0,0.0,0.0
NG-OY,Oyo,2016,1,3.0,3.0,3.0
NG-OY,Oyo,2017,1,1.0,1.0,1.0
NG-OY,Oyo,2018,3,15.0,15.0,15.0
NG-OY,Oyo,2019,4,3.0,5.0,3.0
NG-OY,Oyo,2020,7,3.0,11.0,3.0
NG-OY,Oyo,2021,7,27.0,93.0,21.0
NG-OY,Oyo,2022,2,0.0,2.0,0.0
NG-OY,Oyo,2023,2,4.0,4.0,3.0
NG-OY,Oyo,2024,3,4.0,4.0,4.0
NG-PL,Plateau,1990,0,0.0,0.0,0.0
NG-PL,Plateau,1991,0,0.0,0.0,0.0
NG-PL,Plateau,1992,0,0.0,0.0,0.0
NG-PL,Plateau,1993,0,0.0,0.0,0.0
NG-PL,Plateau,1994,1,4.0,4.0,4.0
NG-PL,Plateau,1995,0,0.0,0.0,0.0
NG-PL,Plateau,1996,0,0.0,0.0,0.0
NG-PL,Plateau,1997,0,0.0,0.0,0.0
NG-PL,Plateau,1998,0,0.0,0.0,0.0
NG-PL,Plateau,1999,0,0.0,0.0,0.0
NG-PL,Plateau,2000,0,0.0,0.0,0.0
NG-PL,Plateau,2001,6,1071.0,3071.0,1067.0
NG-PL,Plateau,2002,11,130.0,408.0,115.0
NG-PL,Plateau,2003,0,0.0,0.0,0.0
NG-PL,Plateau,2004,30,1008.0,1143.0,628.0
NG-PL,Plateau,2005,0,0.0,0.0,0.0
NG-PL,Plateau,2006,1,25.0,100.0,20.0
NG-PL,Plateau,2007,0,0.0,0.0,0.0
NG-PL,Plateau,2008,3,333.0,333.0,333.0
NG-PL,Plateau,2009,0,0.0,0.0,0.0
NG-PL,Plateau,2010,40,847.0,1440.0,786.0
NG-PL,Plateau,2011,32,192.0,314.0,192.0
NG-PL,Plateau,2012,41,126.0,134.0,126.0
NG-PL,Plateau,2013,24,195.0,216.0,195.0
NG-PL,Plateau,2014,23,210.0,352.0,192.0
NG-PL,Plateau,2015,23,223.0,247.0,223.0
NG-PL,Plateau,2016,1,4.0,4.0,4.0
NG-PL,Plateau,2017,17,79.0,93.0,76.0
NG-PL,Plateau,2018,65,436.0,495.0,415.0
NG-PL,Plateau,2019,16,33.0,40.0,30.0
NG-PL,Plateau,2020,15,46.0,64.0,46.0
NG-PL,Plateau,2021,24,98.0,126.0,83.0
NG-PL,Plateau,2022,15,57.0,67.0,51.0
NG-PL,Plateau,2023,43,514.0,690.0,505.0
NG-PL,Plateau,2024,25,140.0,140.0,136.0
NG-RI,Rivers,1990,1,80.0,80.0,80.0
NG-RI,Rivers,1991,0,0.0,0.0,0.0
NG-RI,Rivers,1992,1,60.0,60.0,60.0
NG-RI,Rivers,1993,6,1176.0,1181.0,1176.0
NG-RI,Rivers,1994,11,80.0,130.0,70.0
NG-RI,Rivers,1995,0,0.0,0.0,0.0
NG-RI,Rivers,1996,1,3.0,3.0,3.0
NG-RI,Rivers,1997,1,1.0,1.0,1.0
NG-RI,Rivers,1998,2,2.0,2.0,2.0
NG-RI,Rivers,1999,2,25.0,34.0,25.0
NG-RI,Rivers,2000,1,1.0,1.0,1.0
NG-RI,Rivers,2001,1,1.0,1.0,1.0
NG-RI,Rivers,2002,2,8.0,8.0,8.0
NG-RI,Rivers,2003,3,6.0,6.0,6.0
NG-RI,Rivers,2004,15,126.0,197.0,126.0
NG-RI,Rivers,2005,6,74.0,74.0,74.0
NG-RI,Rivers,2006,7,44.0,66.0,44.0
NG-RI,Rivers,2007,12,121.0,121.0,121.0
NG-RI,Rivers,2008,3,14.0,14.0,14.0
NG-RI,Rivers,2009,6,14.0,20.0,14.0
NG-RI,Rivers,2010,2,2.0,2.0,2.0
NG-RI,Rivers,2011,4,8.0,11.0,8.0
NG-RI,Rivers,2012,8,49.0,56.0,49.0
NG-RI,Rivers,2013,4,19.0,25.0,19.0
NG-RI,Rivers,2014,6,24.0,24.0,24.0
NG-RI,Rivers,2015,11,51.0,51.0,51.0
NG-RI,Rivers,2016,16,64.0,72.0,64.0
NG-RI,Rivers,2017,8,39.0,44.0,39.0
NG-RI,Rivers,2018,2,2.0,2.0,2.0
NG-RI,Rivers,2019,14,49.0,93.0,31.0
NG-RI,Rivers,2020,7,13.0,67.0,13.0
NG-RI,Rivers,2021,4,17.0,22.0,1.0
NG-RI,Rivers,2022,2,6.0,6.0,6.0
NG-RI,Rivers,2023,6,14.0,15.0,14.0
NG-RI,Rivers,2024,1,7.0,7.0,7.0
NG-SO,Sokoto,1990,0,0.0,0.0,0.0
NG-SO,Sokoto,1991,0,0.0,0.0,0.0
NG-SO,Sokoto,1992,0,0.0,0.0,0.0
NG-SO,Sokoto,1993,0,0.0,0.0,0.0
NG-SO,Sokoto,1994,0,0.0,0.0,0.0
NG-SO,Sokoto,1995,0,0.0,0.0,0.0
NG-SO,Sokoto,1996,0,0.0,0.0,0.0
NG-SO,Sokoto,1997,0,0.0,0.0,0.0
NG-SO,Sokoto,1998,0,0.0,0.0,0.0
NG-SO,Sokoto,1999,0,0.0,0.0,0.0
NG-SO,Sokoto,2000,0,0.0,0.0,0.0
NG-SO,Sokoto,2001,0,0.0,0.0,0.0
NG-SO,Sokoto,2002,0,0.0,0.0,0.0
NG-SO,Sokoto,2003,2,2.0,2.0,2.0
NG-SO,Sokoto,2004,0,0.0,0.0,0.0
NG-SO,Sokoto,2005,0,0.0,0.0,0.0
NG-SO,Sokoto,2006,0,0.0,0.0,0.0
NG-SO,Sokoto,2007,0,0.0,0.0,0.0
NG-SO,Sokoto,2008,0,0.0,0.0,0.0
NG-SO,Sokoto,2009,0,0.0,0.0,0.0
NG-SO,Sokoto,2010,0,0.0,0.0,0.0
NG-SO,Sokoto,2011,3,8.0,31.0,8.0
NG-SO,Sokoto,2012,2,11.0,11.0,11.0
NG-SO,Sokoto,2013,2,4.0,4.0,4.0
NG-SO,Sokoto,2014,0,0.0,0.0,0.0
NG-SO,Sokoto,2015,0,0.0,0.0,0.0
NG-SO,Sokoto,2016,0,0.0,0.0,0.0
NG-SO,Sokoto,2017,0,0.0,0.0,0.0
NG-SO,Sokoto,2018,0,0.0,0.0,0.0
NG-SO,Sokoto,2019,1,0.0,1.0,0.0
NG-SO,Sokoto,2020,0,0.0,0.0,0.0
NG-SO,Sokoto,2021,6,37.0,104.0,37.0
NG-SO,Sokoto,2022,0,0.0,0.0,0.0
NG-SO,Sokoto,2023,0,0.0,0.0,0.0
NG-SO,Sokoto,2024,0,0.0,0.0,0.0
NG-TA,Taraba,1990,0,0.0,0.0,0.0
NG-TA,Taraba,1991,1,30.0,1050.0,30.0
NG-TA,Taraba,1992,3,300.0,1250.0,104.0
NG-TA,Taraba,1993,1,7.0,7.0,7.0
NG-TA,Taraba,1994,0,0.0,0.0,0.0
NG-TA,Taraba,1995,0,0.0,0.0,0.0
NG-TA,Taraba,1996,1,80.0,80.0,40.0
NG-TA,Taraba,1997,0,0.0,0.0,0.0
NG-TA,Taraba,1998,0,0.0,0.0,0.0
NG-TA,Taraba,1999,2,100.0,100.0,100.0
NG-TA,Taraba,2000,0,0.0,0.0,0.0
NG-TA,Taraba,2001,12,191.0,400.0,191.0
NG-TA,Taraba,2002,1,50.0,50.0,30.0
NG-TA,Taraba,2003,0,0.0,0.0,0.0
NG-TA,Taraba,2004,5,57.0,67.0,57.0
NG-TA,Taraba,2005,0,0.0,0.0,0.0
NG-TA,Taraba,2006,0,0.0,0.0,0.0
NG-TA,Taraba,2007,0,0.0,0.0,0.0
NG-TA,Taraba,2008,0,0.0,0.0,0.0
NG-TA,Taraba,2009,0,0.0,0.0,0.0
NG-TA,Taraba,2010,1,0.0,8.0,0.0
NG-TA,Taraba,2011,1,4.0,5.0,4.0
NG-TA,Taraba,2012,16,39.0,59.0,38.0
NG-TA,Taraba,2013,5,80.0,83.0,80.0
NG-TA,Taraba,2014,20,256.0,322.0,241.0
NG-TA,Taraba,2015,12,122.0,141.0,122.0
NG-TA,Taraba,2016,8,52.0,52.0,52.0
NG-TA,Taraba,2017,7,152.0,362.0,152.0
NG-TA,Taraba,2018,34,200.0,253.0,138.0
NG-TA,Taraba,2019,37,159.0,260.0,129.0
NG-TA,Taraba,2020,18,67.0,125.0,67.0
NG-TA,Taraba,2021,14,68.0,78.0,68.0
NG-TA,Taraba,2022,2,29.0,32.0,29.0
NG-TA,Taraba,2023,11,124.0,134.0,110.0
NG-TA,Taraba,2024,3,15.0,23.0,8.0
NG-YO,Yobe,1990,0,0.0,0.0,0.0
NG-YO,Yobe,1991,0,0.0,0.0,0.0
NG-YO,Yobe,1992,0,0.0,0.0,0.0
NG-YO,Yobe,1993,0,0.0,0.0,0.0
NG-YO,Yobe,1994,0,0.0,0.0,0.0
NG-YO,Yobe,1995,0,0.0,0.0,0.0
NG-YO,Yobe,1996,0,0.0,0.0,0.0
NG-YO,Yobe,1997,0,0.0,0.0,0.0
NG-YO,Yobe,1998,0,0.0,0.0,0.0
NG-YO,Yobe,1999,0,0.0,0.0,0.0
NG-YO,Yobe,2000,0,0.0,0.0,0.0
NG-YO,Yobe,2001,0,0.0,0.0,0.0
NG-YO,Yobe,2002,0,0.0,0.0,0.0
NG-YO,Yobe,2003,1,1.0,1.0,1.0
NG-YO,Yobe,2004,2,21.0,21.0,21.0
NG-YO,Yobe,2005,0,0.0,0.0,0.0
NG-YO,Yobe,2006,0,0.0,0.0,0.0
NG-YO,Yobe,2007,0,0.0,0.0,0.0
NG-YO,Yobe,2008,0,0.0,0.0,0.0
NG-YO,Yobe,2009,4,56.0,75.0,56.0
NG-YO,Yobe,2010,3,1.0,3.0,1.0
NG-YO,Yobe,2011,9,154.0,279.0,112.0
NG-YO,Yobe,2012,51,276.0,325.0,243.0
NG-YO,Yobe,2013,21,290.0,452.0,267.0
NG-YO,Yobe,2014,20,451.0,464.0,421.0
NG-YO,Yobe,2015,43,502.0,709.0,499.0
NG-YO,Yobe,2016,10,69.0,80.0,69.0
NG-YO,Yobe,2017,9,68.0,72.0,68.0
NG-YO,Yobe,2018,7,112.0,129.0,111.0
NG-YO,Yobe,2019,15,97.0,148.0,96.0
NG-YO,Yobe,2020,17,154.0,204.0,58.0
NG-YO,Yobe,2021,29,151.0,222.0,106.0
NG-YO,Yobe,2022,11,31.0,34.0,30.0
NG-YO,Yobe,2023,19,170.0,174.0,69.0
NG-YO,Yobe,2024,32,227.0,307.0,199.0
NG-ZA,Zamfara,1990,0,0.0,0.0,0.0
NG-ZA,Zamfara,1991,0,0.0,0.0,0.0
NG-ZA,Zamfara,1992,0,0.0,0.0,0.0
NG-ZA,Zamfara,1993,0,0.0,0.0,0.0
NG-ZA,Zamfara,1994,0,0.0,0.0,0.0
NG-ZA,Zamfara,1995,0,0.0,0.0,0.0
NG-ZA,Zamfara,1996,0,0.0,0.0,0.0
NG-ZA,Zamfara,1997,0,0.0,0.0,0.0
NG-ZA,Zamfara,1998,0,0.0,0.0,0.0
NG-ZA,Zamfara,1999,0,0.0,0.0,0.0
NG-ZA,Zamfara,2000,0,0.0,0.0,0.0
NG-ZA,Zamfara,2001,1,2.0,2.0,2.0
NG-ZA,Zamfara,2002,0,0.0,0.0,0.0
NG-ZA,Zamfara,2003,0,0.0,0.0,0.0
NG-ZA,Zamfara,2004,0,0.0,0.0,0.0
NG-ZA,Zamfara,2005,0,0.0,0.0,0.0
NG-ZA,Zamfara,2006,0,0.0,0.0,0.0
NG-ZA,Zamfara,2007,0,0.0,0.0,0.0
NG-ZA,Zamfara,2008,0,0.0,0.0,0.0
NG-ZA,Zamfara,2009,0,0.0,0.0,0.0
NG-ZA,Zamfara,2010,1,3.0,8.0,3.0
NG-ZA,Zamfara,2011,1,7.0,24.0,7.0
NG-ZA,Zamfara,2012,0,0.0,0.0,0.0
NG-ZA,Zamfara,2013,0,0.0,0.0,0.0
NG-ZA,Zamfara,2014,0,0.0,0.0,0.0
NG-ZA,Zamfara,2015,0,0.0,0.0,0.0
NG-ZA,Zamfara,2016,0,0.0,0.0,0.0
NG-ZA,Zamfara,2017,0,0.0,0.0,0.0
NG-ZA,Zamfara,2018,3,35.0,35.0,35.0
NG-ZA,Zamfara,2019,1,7.0,7.0,7.0
NG-ZA,Zamfara,2020,1,2.0,2.0,2.0
NG-ZA,Zamfara,2021,3,21.0,25.0,21.0
NG-ZA,Zamfara,2022,3,12.0,12.0,12.0
NG-ZA,Zamfara,2023,0,0.0,0.0,0.0
NG-ZA,Zamfara,2024,3,120.0,120.0,120.0
