state,survey,year,mpi,mpi_se,mpi_lo,mpi_hi,headcount_pct,headcount_se,headcount_lo,headcount_hi,intensity_pct,n_indicators,indicators_missing
Abia,MICS,2021,0.0419360438418849,0.0073874871498574,0.0296152062758885,0.0590707009547831,9.39708733818692,1.57577705308263,6.728939466305491,12.97601835374408,44.62664050324354,9,Nutrition
Adamawa,MICS,2021,0.181977518131175,0.0225923828162656,0.1417688682137419,0.2305269897983959,39.09710119492303,4.24428051268387,31.15600699871982,47.66098377842795,46.5450155048338,9,Nutrition
Akwa Ibom,MICS,2021,0.0445529826312234,0.0067495508823552,0.0330383555691003,0.0598324039624654,9.8073930359465,1.35560367324257,7.45098222120693,12.80591440230509,45.42795671380336,9,Nutrition
Anambra,MICS,2021,0.0088564892819848,0.003913661549895,0.0037131022157338,0.0209745009528601,2.04488158577297,0.90415949298593,0.85393283096259,4.81611942539006,43.310523912987684,9,Nutrition
Bauchi,MICS,2021,0.4411035554341986,0.0322115341083275,0.3791983712287176,0.5048956042527986,75.35625245725375,4.054891595294221,66.58431910970974,82.43299767566081,58.535760610497064,9,Nutrition
Bayelsa,MICS,2021,0.0643592186059503,0.0210570648676847,0.0334847779935966,0.1201620196338728,13.965947258461911,4.55984128319009,7.15947210241166,25.46819959730605,46.08295979848791,9,Nutrition
Benue,MICS,2021,0.1156325506132825,0.0138474065151848,0.0911193217037822,0.1456833660415166,27.02060327536976,3.1501624828069703,21.30060204238444,33.62044267780345,42.794215005068246,9,Nutrition
Borno,MICS,2021,0.2922355747901068,0.039083811762723,0.221806225530226,0.3742725275848977,53.88606351637769,5.81479660499526,42.47732468604594,64.90172374287876,54.23212528806953,9,Nutrition
Cross River,MICS,2021,0.0775015585698433,0.0160880961003186,0.0512642227537638,0.1155320764332972,19.08596377039145,4.22574705705922,12.11995568338116,28.746071811871637,40.60657324000242,9,Nutrition
Delta,MICS,2021,0.0507448686549996,0.0088728466899395,0.0359108063891312,0.0712537139708735,11.78205755067018,1.6854467710158898,8.8565331741384,15.509509176252239,43.06961533396443,9,Nutrition
Ebonyi,MICS,2021,0.0340547992121901,0.0115369997761255,0.0174121457754043,0.0655435320712332,8.0226844919899,2.63364679897956,4.15153551038834,14.940852981104111,42.44813471873599,9,Nutrition
Edo,MICS,2021,0.0357711353981113,0.0071661452624011,0.0240873393414824,0.0528155578445976,8.31599029908216,1.6162904978489399,5.64683237601052,12.0852119983698,43.01488350949534,9,Nutrition
Ekiti,MICS,2021,0.0531501026929354,0.0076857625266984,0.0399421544938085,0.0704053214808418,12.47442741913096,1.78400238268667,9.37464640230187,16.41353409161329,42.60724833864811,9,Nutrition
Enugu,MICS,2021,0.0300122315162294,0.0063274071032793,0.0198018668744419,0.0452443180243932,6.881904109112499,1.37815325126375,4.62307990612792,10.12719664824997,43.61035992420969,9,Nutrition
FCT,MICS,2021,0.0413650726953041,0.0109691513012731,0.0244678303250526,0.0691047702637438,10.17746323525101,2.59164048292257,6.101397877983801,16.4981208754562,40.64379476413198,9,Nutrition
Gombe,MICS,2021,0.3344877201323361,0.0378758837242067,0.2647011166991732,0.4123550687791572,61.34116982666913,5.81873312410974,49.510358587102345,71.9692800886904,54.52907420538169,9,Nutrition
Imo,MICS,2021,0.0182895748162878,0.0054653181223602,0.0101510367009591,0.0327373386359585,4.61229363952812,1.38161898013755,2.54525590976067,8.216471715199,39.65396881834033,9,Nutrition
Jigawa,MICS,2021,0.4376723142602217,0.0250057912889956,0.3893867238278408,0.4871683935631784,74.7773602349922,3.37459557578481,67.6087136806253,80.80980628319733,58.53005680928172,9,Nutrition
Kaduna,MICS,2021,0.1670685176033895,0.0240006169558887,0.1251187879913646,0.2195535068213481,34.0943063937735,4.23293261003699,26.336060823412836,42.80982188933777,49.00188191946925,9,Nutrition
Kano,MICS,2021,0.2496833995052017,0.0329426245259275,0.1907429985400417,0.3196428730163138,45.06122910255291,5.541117978979241,34.58792548292025,55.99127650311484,55.40980671808976,9,Nutrition
Katsina,MICS,2021,0.3330857729266605,0.0262217391447741,0.2837812415105957,0.3863358234011814,61.131868158414434,3.9801035355380203,53.10398875215079,68.5981298926304,54.48643775510287,9,Nutrition
Kebbi,MICS,2021,0.4372595274071139,0.032656419964425,0.3745860203018475,0.5020022479593382,73.78634016189343,4.29863855160844,64.54271233792761,81.31770608959876,59.26022708915089,9,Nutrition
Kogi,MICS,2021,0.0637921408655946,0.0124169984930613,0.0433557353391076,0.0929258409466911,14.021897338413911,2.5641702912156497,9.70328999868091,19.84024933005767,45.49465691125257,9,Nutrition
Kwara,MICS,2021,0.0962442724788407,0.023005419564171,0.059612880568554,0.1517527846882989,20.156012763103483,4.3343082483200295,12.956539949645348,29.97818269927503,47.74965843195947,9,Nutrition
Lagos,MICS,2021,0.0043607469750755,0.0016372865832495,0.0020860929362489,0.0090930598269052,1.10541108452963,0.40615186745525994,0.5364714042823799,2.2639897812684,39.449097590070444,9,Nutrition
Nasarawa,MICS,2021,0.1887620936353711,0.0219934485465572,0.149341850929481,0.2357045273115029,40.58299185654483,4.40026185574572,32.319118830484186,49.41707261420017,46.51261156462259,9,Nutrition
Niger,MICS,2021,0.2190993822710943,0.0321374248807531,0.1625562716447946,0.2885339206767872,44.5601186448222,5.77913422998229,33.686724817606624,55.9803929840081,49.16938934060782,9,Nutrition
Ogun,MICS,2021,0.0918175508812875,0.0165109424058153,0.0641641572602663,0.1297367523899869,19.948224848233963,3.24526396290215,14.33026577814662,27.07262336876183,46.02793059524604,9,Nutrition
Ondo,MICS,2021,0.0636784891123096,0.0103009688183049,0.0462223310690373,0.0871248768705359,14.4482278633186,2.1672500937950803,10.693482836591139,19.237365552313047,44.07356370256147,9,Nutrition
Osun,MICS,2021,0.0314646938447099,0.0071788018292077,0.0200564210425059,0.0490373723238322,7.52009366797568,1.6109180145515802,4.90916984522482,11.3538278646701,41.84082703477791,9,Nutrition
Oyo,MICS,2021,0.0808740301160175,0.0208836830534251,0.0482657877956743,0.1324465419196003,17.37582239019378,3.7542339192106,11.18371680771084,25.99296740212861,46.54400137150317,9,Nutrition
Plateau,MICS,2021,0.1944775462750894,0.0189977098563136,0.1598926295862802,0.2344554986199352,42.46685499249921,3.64053524778696,35.52856843223842,49.71526387355441,45.7951374806162,9,Nutrition
Rivers,MICS,2021,0.0351212136932596,0.006821051456005,0.0239397397894147,0.0512509672691509,8.38984604317633,1.64727592942016,5.67389887392383,12.23718669651101,41.86157113314916,9,Nutrition
Sokoto,MICS,2021,0.4371937098028034,0.0415967934067168,0.3579819922679337,0.5197435793616397,70.73904706560026,5.1959493872108,59.637817521574554,79.82014157511426,61.80373187631002,9,Nutrition
Taraba,MICS,2021,0.2701975664246393,0.0250396238774428,0.2239706341079832,0.322006610569505,56.703960730231294,4.59425040115941,47.57061663358459,65.40337478794154,47.65056319612351,9,Nutrition
Yobe,MICS,2021,0.34278484931951,0.037458332124065,0.2734824013600473,0.4195084762878274,63.023408340641396,6.0437298146299705,50.61391465901954,73.92134592853114,54.39008431069906,9,Nutrition
Zamfara,MICS,2021,0.3912671480139257,0.0291603753273125,0.3357884526910463,0.4497060277775145,71.86953392170878,4.46384276295418,62.36209562856425,79.7550147447978,54.44130866914393,9,Nutrition
