pcode,state,survey_year,survey,mpi,headcount_ratio,intensity
NG-FC,FCT,2013,DHS,0.085,18.2897,46.4785
NG-FC,FCT,2016,MICS,0.0892,18.5877,47.9784
NG-FC,FCT,2018,DHS,0.0859,18.5072,46.4205
NG-FC,FCT,2021,MICS,0.0414,10.1775,40.6438
NG-AB,Abia,2013,DHS,0.0675,15.2348,44.292
NG-AB,Abia,2016,MICS,0.0346,8.0306,43.0314
NG-AB,Abia,2018,DHS,0.0285,7.112,40.0238
NG-AB,Abia,2021,MICS,0.0419,9.3971,44.6266
NG-AD,Adamawa,2013,DHS,0.1885,37.2324,50.6329
NG-AD,Adamawa,2016,MICS,0.2459,48.4318,50.7709
NG-AD,Adamawa,2018,DHS,0.2728,51.7935,52.6685
NG-AD,Adamawa,2021,MICS,0.182,39.0971,46.545
NG-AK,Akwa Ibom,2013,DHS,0.0572,13.2696,43.1253
NG-AK,Akwa Ibom,2016,MICS,0.0515,11.6178,44.3581
NG-AK,Akwa Ibom,2018,DHS,0.0611,13.766,44.3666
NG-AK,Akwa Ibom,2021,MICS,0.0446,9.8074,45.428
NG-AN,Anambra,2013,DHS,0.0484,10.6295,45.5668
NG-AN,Anambra,2016,MICS,0.0341,7.8455,43.4787
NG-AN,Anambra,2018,DHS,0.0291,6.5383,44.4643
NG-AN,Anambra,2021,MICS,0.0089,2.0449,43.3105
NG-BA,Bauchi,2013,DHS,0.4763,74.5047,63.9232
NG-BA,Bauchi,2016,MICS,0.4161,72.9656,57.0288
NG-BA,Bauchi,2018,DHS,0.375,65.871,56.9286
NG-BA,Bauchi,2021,MICS,0.4411,75.3563,58.5358
NG-BY,Bayelsa,2013,DHS,0.0655,15.1815,43.1723
NG-BY,Bayelsa,2016,MICS,0.085,18.5136,45.8954
NG-BY,Bayelsa,2018,DHS,0.0472,11.3627,41.499
NG-BY,Bayelsa,2021,MICS,0.0644,13.9659,46.083
NG-BE,Benue,2013,DHS,0.2089,44.4444,47.0131
NG-BE,Benue,2016,MICS,0.1289,28.1441,45.813
NG-BE,Benue,2018,DHS,0.1072,24.1375,44.3995
NG-BE,Benue,2021,MICS,0.1156,27.0206,42.7942
NG-BO,Borno,2013,DHS,0.3514,66.4953,52.8506
NG-BO,Borno,2016,MICS,0.1786,37.2264,47.9864
NG-BO,Borno,2018,DHS,0.2521,48.5259,51.9572
NG-BO,Borno,2021,MICS,0.2922,53.8861,54.2321
NG-CR,Cross River,2013,DHS,0.0888,20.158,44.0749
NG-CR,Cross River,2016,MICS,0.0765,17.9185,42.7154
NG-CR,Cross River,2018,DHS,0.0644,14.8856,43.2846
NG-CR,Cross River,2021,MICS,0.0775,19.086,40.6066
NG-DE,Delta,2013,DHS,0.0692,15.487,44.6649
NG-DE,Delta,2016,MICS,0.0398,9.2727,42.9735
NG-DE,Delta,2018,DHS,0.0377,9.1208,41.3074
NG-DE,Delta,2021,MICS,0.0507,11.7821,43.0696
NG-EB,Ebonyi,2013,DHS,0.1679,34.6343,48.4663
NG-EB,Ebonyi,2016,MICS,0.1142,26.4138,43.2251
NG-EB,Ebonyi,2018,DHS,0.1026,21.3559,48.0557
NG-EB,Ebonyi,2021,MICS,0.0341,8.0227,42.4481
NG-ED,Edo,2013,DHS,0.0457,10.9972,41.5905
NG-ED,Edo,2016,MICS,0.0128,3.3534,38.0847
NG-ED,Edo,2018,DHS,0.0496,10.7407,46.1417
NG-ED,Edo,2021,MICS,0.0358,8.316,43.0149
NG-EK,Ekiti,2013,DHS,0.0272,6.4815,41.9646
NG-EK,Ekiti,2016,MICS,0.0395,9.3407,42.2876
NG-EK,Ekiti,2018,DHS,0.0646,15.1696,42.608
NG-EK,Ekiti,2021,MICS,0.0532,12.4744,42.6072
NG-EN,Enugu,2013,DHS,0.0843,18.4728,45.612
NG-EN,Enugu,2016,MICS,0.0305,7.6093,40.0226
NG-EN,Enugu,2018,DHS,0.0538,11.708,45.9219
NG-EN,Enugu,2021,MICS,0.03,6.8819,43.6104
NG-GO,Gombe,2013,DHS,0.3635,65.2887,55.6781
NG-GO,Gombe,2016,MICS,0.3746,67.5166,55.4853
NG-GO,Gombe,2018,DHS,0.4176,71.8128,58.1508
NG-GO,Gombe,2021,MICS,0.3345,61.3412,54.5291
NG-IM,Imo,2013,DHS,0.0588,13.012,45.1687
NG-IM,Imo,2016,MICS,0.036,8.4986,42.4068
NG-IM,Imo,2018,DHS,0.0496,11.4691,43.2527
NG-IM,Imo,2021,MICS,0.0183,4.6123,39.654
NG-JI,Jigawa,2013,DHS,0.4382,76.5796,57.2244
NG-JI,Jigawa,2016,MICS,0.42,73.6001,57.0676
NG-JI,Jigawa,2018,DHS,0.3837,67.0644,57.2143
NG-JI,Jigawa,2021,MICS,0.4377,74.7774,58.5301
NG-KD,Kaduna,2013,DHS,0.2161,41.5857,51.9741
NG-KD,Kaduna,2016,MICS,0.188,39.0666,48.1209
NG-KD,Kaduna,2018,DHS,0.2569,46.7992,54.8951
NG-KD,Kaduna,2021,MICS,0.1671,34.0943,49.0019
NG-KN,Kano,2013,DHS,0.283,53.8299,52.5677
NG-KN,Kano,2016,MICS,0.288,53.4301,53.9083
NG-KN,Kano,2018,DHS,0.2818,51.3817,54.8457
NG-KN,Kano,2021,MICS,0.2497,45.0612,55.4098
NG-KT,Katsina,2013,DHS,0.4163,70.5794,58.987
NG-KT,Katsina,2016,MICS,0.3471,63.8313,54.3735
NG-KT,Katsina,2018,DHS,0.31,56.9794,54.4097
NG-KT,Katsina,2021,MICS,0.3331,61.1319,54.4864
NG-KE,Kebbi,2013,DHS,0.449,78.2384,57.384
NG-KE,Kebbi,2016,MICS,0.3577,65.0356,55.005
NG-KE,Kebbi,2018,DHS,0.5087,80.8848,62.8973
NG-KE,Kebbi,2021,MICS,0.4373,73.7863,59.2602
NG-KO,Kogi,2013,DHS,0.0755,17.2181,43.8605
NG-KO,Kogi,2016,MICS,0.08,17.991,44.4497
NG-KO,Kogi,2018,DHS,0.1227,25.0101,49.0781
NG-KO,Kogi,2021,MICS,0.0638,14.0219,45.4947
NG-KW,Kwara,2013,DHS,0.0666,15.4146,43.2257
NG-KW,Kwara,2016,MICS,0.1104,23.5877,46.8008
NG-KW,Kwara,2018,DHS,0.1817,33.7095,53.9132
NG-KW,Kwara,2021,MICS,0.0962,20.156,47.7497
NG-LA,Lagos,2013,DHS,0.0234,5.6529,41.3611
NG-LA,Lagos,2016,MICS,0.0155,3.9316,39.4098
NG-LA,Lagos,2018,DHS,0.0174,4.4952,38.6129
NG-LA,Lagos,2021,MICS,0.0044,1.1054,39.4491
NG-NA,Nasarawa,2013,DHS,0.1724,37.4763,45.9929
NG-NA,Nasarawa,2016,MICS,0.1951,38.9368,50.1172
NG-NA,Nasarawa,2018,DHS,0.1127,23.6628,47.6433
NG-NA,Nasarawa,2021,MICS,0.1888,40.583,46.5126
NG-NI,Niger,2013,DHS,0.2577,49.5393,52.01
NG-NI,Niger,2016,MICS,0.286,53.1826,53.7758
NG-NI,Niger,2018,DHS,0.3137,58.3304,53.7778
NG-NI,Niger,2021,MICS,0.2191,44.5601,49.1694
NG-OG,Ogun,2013,DHS,0.0764,17.5015,43.6488
NG-OG,Ogun,2016,MICS,0.048,10.8424,44.2901
NG-OG,Ogun,2018,DHS,0.0289,7.3337,39.4165
NG-OG,Ogun,2021,MICS,0.0918,19.9482,46.0279
NG-ON,Ondo,2013,DHS,0.0912,20.3033,44.8973
NG-ON,Ondo,2016,MICS,0.066,14.9338,44.2146
NG-ON,Ondo,2018,DHS,0.0503,11.4728,43.8477
NG-ON,Ondo,2021,MICS,0.0637,14.4482,44.0736
NG-OS,Osun,2013,DHS,0.0276,6.5183,42.3102
NG-OS,Osun,2016,MICS,0.0448,10.9564,40.8662
NG-OS,Osun,2018,DHS,0.0542,13.262,40.8738
NG-OS,Osun,2021,MICS,0.0315,7.5201,41.8408
NG-OY,Oyo,2013,DHS,0.1126,22.4142,50.2184
NG-OY,Oyo,2016,MICS,0.0981,19.6789,49.868
NG-OY,Oyo,2018,DHS,0.0533,11.5809,46.0383
NG-OY,Oyo,2021,MICS,0.0809,17.3758,46.544
NG-PL,Plateau,2013,DHS,0.2251,46.4732,48.4321
NG-PL,Plateau,2016,MICS,0.1805,36.5544,49.3781
NG-PL,Plateau,2018,DHS,0.1571,31.1863,50.3662
NG-PL,Plateau,2021,MICS,0.1945,42.4669,45.7951
NG-RI,Rivers,2013,DHS,0.063,14.7927,42.6146
NG-RI,Rivers,2016,MICS,0.028,6.567,42.6911
NG-RI,Rivers,2018,DHS,0.0347,8.2405,42.091
NG-RI,Rivers,2021,MICS,0.0351,8.3898,41.8616
NG-SO,Sokoto,2013,DHS,0.4493,76.2357,58.9356
NG-SO,Sokoto,2016,MICS,0.3655,70.6022,51.767
NG-SO,Sokoto,2018,DHS,0.4777,80.2868,59.5011
NG-SO,Sokoto,2021,MICS,0.4372,70.739,61.8037
NG-TA,Taraba,2013,DHS,0.343,63.9744,53.6123
NG-TA,Taraba,2016,MICS,0.2646,54.1424,48.8633
NG-TA,Taraba,2018,DHS,0.2639,51.4244,51.3141
NG-TA,Taraba,2021,MICS,0.2702,56.704,47.6506
NG-YO,Yobe,2013,DHS,0.5422,85.4131,63.4746
NG-YO,Yobe,2016,MICS,0.3634,65.5142,55.4681
NG-YO,Yobe,2018,DHS,0.4545,77.2397,58.8371
NG-YO,Yobe,2021,MICS,0.3428,63.0234,54.3901
NG-ZA,Zamfara,2013,DHS,0.5083,80.5875,63.0792
NG-ZA,Zamfara,2016,MICS,0.3926,68.6074,57.229
NG-ZA,Zamfara,2018,DHS,0.4071,69.6721,58.4255
NG-ZA,Zamfara,2021,MICS,0.3913,71.8695,54.4413
