pcode,state,mpi_country,mpi,contrib_health_pct,contrib_education_pct,contrib_living_standards_pct,population_thousands,mpi_poor_thousands,pop_share_pct,n_indicators,indicators_missing,survey,survey_year
NG-AB,Abia,0.1748173018373447,0.0419360438418849,57.721686363220215,9.2680424451828,33.010271191596985,4373.03076171875,410.9375305175781,1.9189812142193698,9.0,Nutrition,MICS,2021
NG-AD,Adamawa,0.1748173018373447,0.181977518131175,11.797931790351868,30.50004541873932,57.70202279090881,5162.7177734375,2018.4730224609375,2.26551311933147,9.0,Nutrition,MICS,2021
NG-AK,Akwa Ibom,0.1748173018373447,0.0445529826312234,33.49519371986389,14.89381194114685,51.61099433898926,5231.0419921875,513.0288696289062,2.29549517506814,9.0,Nutrition,MICS,2021
NG-AN,Anambra,0.1748173018373447,0.0088564892819848,50.46400427818298,13.816767930984497,35.71922481060028,6303.6484375,128.9021453857422,2.76617818540104,9.0,Nutrition,MICS,2021
NG-BA,Bauchi,0.1748173018373447,0.4411035554341986,15.52772969007492,41.42053425312042,43.051737546920776,8805.580078125,6635.55517578125,3.8640804975932004,9.0,Nutrition,MICS,2021
NG-BE,Benue,0.1748173018373447,0.1156325506132825,8.814635127782822,27.227073907852173,63.95828723907471,6519.75537109375,1761.67724609375,2.86101060277581,9.0,Nutrition,MICS,2021
NG-BO,Borno,0.1748173018373447,0.2922355747901068,19.388189911842346,43.793922662734985,36.81788742542267,6335.91650390625,3414.176025390625,2.78033808595783,9.0,Nutrition,MICS,2021
NG-BY,Bayelsa,0.1748173018373447,0.0643592186059503,32.165467739105225,11.482543498277664,56.35198950767517,2600.695556640625,363.2117614746094,1.14124185071132,9.0,Nutrition,MICS,2021
NG-CR,Cross River,0.1748173018373447,0.0775015585698433,15.316084027290344,15.645480155944824,69.03843283653259,4674.34423828125,892.1436767578125,2.05120402586596,9.0,Nutrition,MICS,2021
NG-DE,Delta,0.1748173018373447,0.0507448686549996,42.498981952667236,16.911680996418,40.589335560798645,5906.26513671875,695.8795776367188,2.5917976980122304,9.0,Nutrition,MICS,2021
NG-EB,Ebonyi,0.1748173018373447,0.0340547992121901,21.413153409957886,24.693123996257782,53.89372110366821,3446.700439453125,276.5179138183594,1.51248726914046,9.0,Nutrition,MICS,2021
NG-ED,Edo,0.1748173018373447,0.0357711353981113,40.52310883998871,22.726543247699738,36.75034940242767,5027.89453125,418.1192321777344,2.20634955984508,9.0,Nutrition,MICS,2021
NG-EK,Ekiti,0.1748173018373447,0.0531501026929354,32.21816420555115,21.293073892593384,46.48875892162323,3777.97705078125,471.281005859375,1.65785862704898,9.0,Nutrition,MICS,2021
NG-EN,Enugu,0.1748173018373447,0.0300122315162294,48.247694969177246,10.89555248618126,40.856754779815674,4993.93505859375,343.6778259277344,2.19144738357397,9.0,Nutrition,MICS,2021
NG-FC,FCT,0.1748173018373447,0.0413650726953041,26.007214188575745,35.9664112329483,38.02637457847595,3218.1953125,327.5306396484375,1.41221420071376,9.0,Nutrition,MICS,2021
NG-GO,Gombe,0.1748173018373447,0.3344877201323361,11.69390082359314,43.84184181690216,44.46425437927246,4174.3740234375,2560.60986328125,1.83180634389073,9.0,Nutrition,MICS,2021
NG-IM,Imo,0.1748173018373447,0.0182895748162878,60.31156778335571,10.442477464675903,29.245954751968384,5818.525390625,268.3674621582031,2.55329577932019,9.0,Nutrition,MICS,2021
NG-JI,Jigawa,0.1748173018373447,0.4376723142602217,20.236605405807495,37.541794776916504,42.221599817276,7754.2392578125,5798.41552734375,3.40272910966237,9.0,Nutrition,MICS,2021
NG-KD,Kaduna,0.1748173018373447,0.1670685176033895,30.971011519432068,25.759992003440857,43.268996477127075,9429.875,3215.050537109375,4.13803438574383,9.0,Nutrition,MICS,2021
NG-KE,Kebbi,0.1748173018373447,0.4372595274071139,18.44412237405777,40.704771876335144,40.851107239723206,5898.99365234375,4352.6513671875,2.58860684985484,9.0,Nutrition,MICS,2021
NG-KN,Kano,0.1748173018373447,0.2496833995052017,24.488253891468048,33.19506049156189,42.31668710708618,16308.8857421875,7348.984375,7.15669410820128,9.0,Nutrition,MICS,2021
NG-KO,Kogi,0.1748173018373447,0.0637921408655946,24.329718947410583,24.412833154201508,51.25744938850403,4718.29736328125,661.5947875976562,2.07049174742381,9.0,Nutrition,MICS,2021
NG-KT,Katsina,0.1748173018373447,0.3330857729266605,21.222031116485596,33.29438865184784,45.483583211898804,10933.0361328125,6683.5693359375,4.79765425038879,9.0,Nutrition,MICS,2021
NG-KW,Kwara,0.1748173018373447,0.0962442724788407,13.99068683385849,40.18695056438446,45.82236409187317,3750.268310546875,755.904541015625,1.64569945235817,9.0,Nutrition,MICS,2021
NG-LA,Lagos,0.1748173018373447,0.0043607469750755,70.4456090927124,18.645550310611725,10.908842831850052,14321.453125,158.31092834472656,6.284565401568271,9.0,Nutrition,MICS,2021
NG-NA,Nasarawa,0.1748173018373447,0.1887620936353711,13.358823955059052,32.867270708084106,53.77390384674072,3064.103515625,1243.5048828125,1.34459534797345,9.0,Nutrition,MICS,2021
NG-NI,Niger,0.1748173018373447,0.2190993822710943,10.79849898815155,45.37952542304993,43.82197856903076,7177.5966796875,3198.345703125,3.1496857095498,9.0,Nutrition,MICS,2021
NG-OG,Ogun,0.1748173018373447,0.0918175508812875,25.683093070983887,23.55990558862686,50.756996870040894,6780.4140625,1352.572265625,2.9753933996962303,9.0,Nutrition,MICS,2021
NG-ON,Ondo,0.1748173018373447,0.0636784891123096,23.366953432559967,23.672132194042206,52.96091437339783,5586.8056640625,807.1943969726562,2.45161196657081,9.0,Nutrition,MICS,2021
NG-OS,Osun,0.1748173018373447,0.0314646938447099,16.097548604011536,32.97143578529358,50.93101263046265,4703.3408203125,353.6956481933594,2.06392839738711,9.0,Nutrition,MICS,2021
NG-OY,Oyo,0.1748173018373447,0.0808740301160175,15.442734956741333,32.892268896102905,51.66499614715576,8202.6025390625,1425.2696533203125,3.5994804715326496,9.0,Nutrition,MICS,2021
NG-PL,Plateau,0.1748173018373447,0.1944775462750894,17.297104001045227,23.55903834104538,59.14385914802551,4901.24609375,2081.405029296875,2.15077350022824,9.0,Nutrition,MICS,2021
NG-RI,Rivers,0.1748173018373447,0.0351212136932596,49.94305074214935,12.690497934818268,37.3664528131485,7479.1201171875,627.4866333007812,3.2820009224367395,9.0,Nutrition,MICS,2021
NG-SO,Sokoto,0.1748173018373447,0.4371937098028034,21.022599935531616,36.1446887254715,42.83270835876465,6707.43408203125,4744.77490234375,2.94336812027172,9.0,Nutrition,MICS,2021
NG-TA,Taraba,0.1748173018373447,0.2701975664246393,12.562377750873566,31.72611892223358,55.71150183677673,3817.0107421875,2164.396240234375,1.6749874550925001,9.0,Nutrition,MICS,2021
NG-YO,Yobe,0.1748173018373447,0.34278484931951,6.082608923316002,47.46386110782623,46.453529596328735,3869.455810546875,2438.662841796875,1.69800151543082,9.0,Nutrition,MICS,2021
NG-ZA,Zamfara,0.1748173018373447,0.3912671480139257,14.437596499919891,44.19907629489899,41.36332869529724,6108.17041015625,4389.91357421875,2.68039827015679,9.0,Nutrition,MICS,2021
