pcode,state,survey_from,year_from,survey_to,year_to,mpi_from,mpi_to,annualised_change,pct_change,t_value,significance
NG-AB,Abia,DHS,2013,MICS,2016-2017,0.067478164335695,0.034556660475224,-0.0094061439601346,-17.40335055638478,-2.038040900938605,**
NG-AD,Adamawa,DHS,2013,MICS,2016-2017,0.1885184752575551,0.2458929242578218,0.0163926997143619,7.887014489400146,1.474892133574888,
NG-AK,Akwa Ibom,DHS,2013,MICS,2016-2017,0.0572255746115991,0.0515343821512273,-0.0016260549886777,-2.948561992563714,-0.4362338831972175,
NG-AN,Anambra,DHS,2013,MICS,2016-2017,0.0484354016761701,0.0341113195560127,-0.0040925948914735,-9.531812435074949,-0.9539418567739573,
NG-BA,Bauchi,DHS,2013,MICS,2016-2017,0.4762577273369623,0.4161139505657241,-0.0171839362203538,-3.783702620027452,-1.055041011330696,
NG-BY,Bayelsa,DHS,2013,MICS,2016-2017,0.065541868896971,0.0849689882339247,0.0055506055248439,7.699055129688004,1.204269874573825,
NG-BE,Benue,DHS,2013,MICS,2016-2017,0.2089468136632198,0.1289367076542381,-0.0228600302882805,-12.88410992862079,-2.94615362688887,***
NG-BO,Borno,DHS,2013,MICS,2016-2017,0.3514318417562367,0.1786356774616961,-0.049370332655583,-17.57929742657765,-3.066304967437016,***
NG-CR,Cross River,DHS,2013,MICS,2016-2017,0.0888462350809759,0.0765396950925203,-0.0035161542824159,-4.170473447162282,-0.6216428628837705,
NG-DE,Delta,DHS,2013,MICS,2016-2017,0.0691723703562537,0.0398481942487485,-0.0083783360307158,-14.57901639697768,-2.032160639787329,**
NG-EB,Ebonyi,DHS,2013,MICS,2016-2017,0.1678596120790903,0.1141737605134621,-0.0153388147330366,-10.42698994782211,-2.395154384663558,**
NG-ED,Edo,DHS,2013,MICS,2016-2017,0.0457377825492292,0.0127714594703869,-0.0094189494510978,-30.54485746758139,-2.200703567001998,**
NG-EK,Ekiti,DHS,2013,MICS,2016-2017,0.0271994491194455,0.0394997885972735,0.0035143827079509,11.248872473798,1.712250450384989,*
NG-EN,Enugu,DHS,2013,MICS,2016-2017,0.0842583218227862,0.0304545898311149,-0.0153724948547632,-25.23028936180738,-4.628355997911023,***
NG-FC,FCT,DHS,2013,MICS,2016-2017,0.0850076540931535,0.0891810215415934,0.0011923906995542,1.3787599469679,0.142558177677306,
NG-GO,Gombe,DHS,2013,MICS,2016-2017,0.3635153007278349,0.374617568438086,0.0031720764886432,0.8632561568180597,0.2150336668288214,
NG-IM,Imo,DHS,2013,MICS,2016-2017,0.0587733118993587,0.0360399615660478,-0.0064952429523746,-13.04081257975947,-1.327425074241261,
NG-JI,Jigawa,DHS,2013,MICS,2016-2017,0.4382221551019655,0.4200177488146962,-0.0052012589392198,-1.204939352445988,-0.368744719725669,
NG-KD,Kaduna,DHS,2013,MICS,2016-2017,0.2161382288878577,0.1879919417047578,-0.0080417963380285,-3.907852638345677,-0.550485818566547,
NG-KN,Kano,DHS,2013,MICS,2016-2017,0.2829717491856422,0.2880325573674885,0.0014459451948132,0.5077548335720827,0.1468571821554418,
NG-KT,Katsina,DHS,2013,MICS,2016-2017,0.4163265903365826,0.3470728470324542,-0.0197867838011796,-5.065359304635764,-1.37464338311179,
NG-KE,Kebbi,DHS,2013,MICS,2016-2017,0.4489633079947499,0.3577287440341765,-0.0260670182744495,-6.284315326986856,-1.939395297340296,*
NG-KO,Kogi,DHS,2013,MICS,2016-2017,0.0755193786544543,0.0799694166142804,0.0012714394170932,1.649309819683231,0.2551158084458033,
NG-KW,Kwara,DHS,2013,MICS,2016-2017,0.0666307410789006,0.1103924098996575,0.0125033339487877,15.51729751414728,1.650705740597839,*
NG-LA,Lagos,DHS,2013,MICS,2016-2017,0.0233810455411747,0.0154944448201723,-0.002253314491715,-11.09087995146685,-1.447219283777971,
NG-NA,Nasarawa,DHS,2013,MICS,2016-2017,0.1723643918079213,0.1951403115576577,0.0065074056427818,3.609562720556903,0.7072361256975012,
NG-NI,Niger,DHS,2013,MICS,2016-2017,0.2576537878675654,0.2859938575397391,0.0080971627634782,3.026422869239354,0.5183816585903559,
NG-OG,Ogun,DHS,2013,MICS,2016-2017,0.0763920268719725,0.0480211640211825,-0.0081059608145114,-12.42188078331704,-1.639908364098328,
NG-ON,Ondo,DHS,2013,MICS,2016-2017,0.0911563774817428,0.0660292745111732,-0.0071791722773056,-8.801947946088262,-0.9870651221413608,
NG-OS,Osun,DHS,2013,MICS,2016-2017,0.0275791061024038,0.0447746896234746,0.0049130238631631,14.8495390991116,1.970965936525126,*
NG-OY,Oyo,DHS,2013,MICS,2016-2017,0.1125603355955502,0.0981348823344032,-0.0041215580746134,-3.842692671964099,-0.3235650757545998,
NG-PL,Plateau,DHS,2013,MICS,2016-2017,0.2250790485059228,0.1804990372179881,-0.0127371460822671,-6.111721320521502,-0.9122588133472652,
NG-RI,Rivers,DHS,2013,MICS,2016-2017,0.0630384427880067,0.0280351115036821,-0.0100009517955213,-20.66656994704853,-1.975356880132337,*
NG-SO,Sokoto,DHS,2013,MICS,2016-2017,0.4492999173173136,0.3654863699841656,-0.0239467278094709,-5.728290006172032,-1.762088145460638,*
NG-TA,Taraba,DHS,2013,MICS,2016-2017,0.3429816754745336,0.2645574414394995,-0.0224069240100097,-7.149243406822814,-1.717911518232107,*
NG-YO,Yobe,DHS,2013,MICS,2016-2017,0.5421557858138363,0.3633949320588852,-0.0510745296442717,-10.80130397906057,-2.887070184251695,***
NG-ZA,Zamfara,DHS,2013,MICS,2016-2017,0.5083400440877304,0.3926337628407083,-0.0330589374991492,-7.113547414612221,-2.449130169220824,**
NG-AB,Abia,MICS,2016-2017,DHS,2018,0.034556660475224,0.0284647780423207,-0.0040612549552689,-12.12796373388575,-0.730084475000662,
NG-AD,Adamawa,MICS,2016-2017,DHS,2018,0.2458929242578218,0.2727887128632173,0.0179305257369303,7.165150091513328,0.6461203233753553,
NG-AK,Akwa Ibom,MICS,2016-2017,DHS,2018,0.0515343821512273,0.0610749060932588,0.0063603492946877,11.98946145388173,0.8257640650854741,
NG-AN,Anambra,MICS,2016-2017,DHS,2018,0.0341113195560127,0.0290718509292034,-0.0033596457512062,-10.10902132578608,-0.4615324156552858,
NG-BA,Bauchi,MICS,2016-2017,DHS,2018,0.4161139505657241,0.3749945363847745,-0.0274129427872997,-6.701403778466153,-0.8794047172724409,
NG-BY,Bayelsa,MICS,2016-2017,DHS,2018,0.0849689882339247,0.047154049207032,-0.0252099593512617,-32.46860874878186,-2.667075692195897,***
NG-BE,Benue,MICS,2016-2017,DHS,2018,0.1289367076542381,0.1071693462458455,-0.0145115742722617,-11.59788206132663,-0.8939855016819903,
NG-BO,Borno,MICS,2016-2017,DHS,2018,0.1786356774616961,0.2521269327777746,0.048994170210719,25.82512178756491,1.55003953307866,
NG-CR,Cross River,MICS,2016-2017,DHS,2018,0.0765396950925203,0.0644316800472185,-0.0080720100302012,-10.84579769578198,-0.7639642951262424,
NG-DE,Delta,MICS,2016-2017,DHS,2018,0.0398481942487485,0.0376755121054671,-0.0014484547621876,-3.668790700312485,-0.2203868129870199,
NG-EB,Ebonyi,MICS,2016-2017,DHS,2018,0.1141737605134621,0.1026275227446155,-0.0076974918458978,-6.860973662002257,-0.6627657316166492,
NG-ED,Edo,MICS,2016-2017,DHS,2018,0.0127714594703869,0.0495593415990111,0.0245252547524162,146.9391785168596,3.556679150129096,***
NG-EK,Ekiti,MICS,2016-2017,DHS,2018,0.0394997885972735,0.0646343922869633,0.0167564024597932,38.86067296650428,2.189551944512339,**
NG-EN,Enugu,MICS,2016-2017,DHS,2018,0.0304545898311149,0.0537653841407044,0.0155405295397263,46.07189572319359,1.999948179411334,**
NG-FC,FCT,MICS,2016-2017,DHS,2018,0.0891810215415934,0.0859113175681598,-0.0021798026489557,-2.459429536325319,-0.1482062763661894,
NG-GO,Gombe,MICS,2016-2017,DHS,2018,0.374617568438086,0.4175973104853599,0.0286531613648492,7.509382698790668,0.8910707691872213,
NG-IM,Imo,MICS,2016-2017,DHS,2018,0.0360399615660478,0.0496069137469067,0.0090446347872393,23.73861755051843,1.291858275652177,
NG-JI,Jigawa,MICS,2016-2017,DHS,2018,0.4200177488146962,0.3837040445853555,-0.0242091361528938,-5.850253258945326,-0.8393819619824328,
NG-KD,Kaduna,MICS,2016-2017,DHS,2018,0.1879919417047578,0.256904497883303,0.0459417041190301,23.14637991611923,1.560419099255019,
NG-KN,Kano,MICS,2016-2017,DHS,2018,0.2880325573674885,0.2818064866167494,-0.004150713833826,-1.446299303490362,-0.1973247331800629,
NG-KT,Katsina,MICS,2016-2017,DHS,2018,0.3470728470324542,0.3100235980229106,-0.0246994993396957,-7.249539200628242,-0.9094946610855382,
NG-KE,Kebbi,MICS,2016-2017,DHS,2018,0.3577287440341765,0.5087434231172504,0.1006764527220492,26.46295145928028,3.752688268411713,***
NG-KO,Kogi,MICS,2016-2017,DHS,2018,0.0799694166142804,0.1227451389357951,0.0285171482143431,33.06185777932335,1.645087562467727,*
NG-KW,Kwara,MICS,2016-2017,DHS,2018,0.1103924098996575,0.1817384802466164,0.0475640468979726,39.42429330209816,1.42398634033678,
NG-LA,Lagos,MICS,2016-2017,DHS,2018,0.0154944448201723,0.017357390509274,0.0012419637927345,7.862945680971434,0.5128913248144027,
NG-NA,Nasarawa,MICS,2016-2017,DHS,2018,0.1951403115576577,0.1127376008352955,-0.0549351404815748,-30.63380652623936,-3.174771563336346,***
NG-NI,Niger,MICS,2016-2017,DHS,2018,0.2859938575397391,0.3136883265034796,0.0184629793091603,6.355781007612182,0.599097214200243,
NG-OG,Ogun,MICS,2016-2017,DHS,2018,0.0480211640211825,0.0289067612804055,-0.012742935160518,-28.70739204328645,-1.586205556522614,
NG-ON,Ondo,MICS,2016-2017,DHS,2018,0.0660292745111732,0.0503056742035855,-0.0104824002050584,-16.58317952522022,-1.071045063358584,
NG-OS,Osun,MICS,2016-2017,DHS,2018,0.0447746896234746,0.0542068685578478,0.0062881192895822,13.59202026807649,0.8981845780042167,
NG-OY,Oyo,MICS,2016-2017,DHS,2018,0.0981348823344032,0.0533167244812418,-0.0298787719021077,-33.4175094117313,-1.913187547529969,*
NG-PL,Plateau,MICS,2016-2017,DHS,2018,0.1804990372179881,0.1570735214017582,-0.0156170105441533,-8.850968103438428,-0.6305763773697464,
NG-RI,Rivers,MICS,2016-2017,DHS,2018,0.0280351115036821,0.0346852336546694,0.0044334147673249,15.24662726479376,0.8409769522422773,
NG-SO,Sokoto,MICS,2016-2017,DHS,2018,0.3654863699841656,0.4777152089274667,0.0748192259622007,19.54513909755677,2.966951101870803,***
NG-TA,Taraba,MICS,2016-2017,DHS,2018,0.2645574414394995,0.2638793407474758,-0.0004520671280158,-0.1709498191671321,-0.0173809996192883,
NG-YO,Yobe,MICS,2016-2017,DHS,2018,0.3633949320588852,0.4544563802481476,0.0607076321261749,16.07594439945792,1.764080505187934,*
NG-ZA,Zamfara,MICS,2016-2017,DHS,2018,0.3926337628407083,0.4070623391154785,0.0096190508498468,2.435113854737914,0.2815417108732646,
NG-AB,Abia,DHS,2018,MICS,2021,0.0284647780423207,0.0419360438418849,0.0044904219331881,13.78714967500107,1.619101974447913,
NG-AD,Adamawa,DHS,2018,MICS,2021,0.2727887128632173,0.1819775181311749,-0.0302703982440141,-12.62300319576092,-2.347514691140318,**
NG-AK,Akwa Ibom,DHS,2018,MICS,2021,0.0610749060932588,0.0445529826312234,-0.0055073078206785,-9.980210746680063,-1.451690140818146,
NG-AN,Anambra,DHS,2018,MICS,2021,0.0290718509292034,0.0088564892819848,-0.0067384538824062,-32.71323646152769,-2.442460088403648,**
NG-BA,Bauchi,DHS,2018,MICS,2021,0.3749945363847745,0.4411035554341987,0.0220363396831414,5.561415720218688,1.376425133533993,
NG-BY,Bayelsa,DHS,2018,MICS,2021,0.047154049207032,0.0643592186059503,0.0057350564663061,10.92529441680281,0.7682138567615457,
NG-BE,Benue,DHS,2018,MICS,2021,0.1071693462458455,0.1156325506132808,0.0028210681224784,2.565942368730623,0.4704099743104067,
NG-BO,Borno,DHS,2018,MICS,2021,0.2521269327777746,0.2922355747901068,0.0133695473374441,5.044007204499734,0.8026217163276184,
NG-CR,Cross River,DHS,2018,MICS,2021,0.0644316800472185,0.0775015585698433,0.0043566261742083,6.349877392981385,0.6629744058752216,
NG-DE,Delta,DHS,2018,MICS,2021,0.0376755121054671,0.0507448686549996,0.0043564521831775,10.43608173961865,1.113817265164306,
NG-EB,Ebonyi,DHS,2018,MICS,2021,0.1026275227446155,0.0340547992121901,-0.0228575745108085,-30.76832708415913,-3.873848059369609,***
NG-ED,Edo,DHS,2018,MICS,2021,0.0495593415990111,0.0357711353981112,-0.0045960687336333,-10.29794365111777,-1.133199714301998,
NG-EK,Ekiti,DHS,2018,MICS,2021,0.0646343922869633,0.0531501026929354,-0.0038280965313426,-6.312824475697587,-0.9294695463075562,
NG-EN,Enugu,DHS,2018,MICS,2021,0.0537653841407044,0.0300122315162296,-0.0079177175414916,-17.66234165899738,-1.932742065702976,*
NG-FC,FCT,DHS,2018,MICS,2021,0.0859113175681598,0.0413650726953041,-0.0148487482909519,-21.62194702491663,-2.265523558304817,**
NG-GO,Gombe,DHS,2018,MICS,2021,0.4175973104853599,0.3344877201323362,-0.0277031967843412,-7.130274515829682,-1.543226948135033,
NG-IM,Imo,DHS,2018,MICS,2021,0.0496069137469067,0.0182895748162878,-0.010439112976873,-28.29428010945156,-2.890536935861216,***
NG-JI,Jigawa,DHS,2018,MICS,2021,0.3837040445853555,0.437672314260222,0.0179894232249555,4.484266792394909,1.431733274675734,
NG-KD,Kaduna,DHS,2018,MICS,2021,0.256904497883303,0.1670685176033895,-0.0299453267599712,-13.36215583795649,-2.093567029102632,**
NG-KN,Kano,DHS,2018,MICS,2021,0.2818064866167494,0.2496833995051877,-0.0107076957038539,-3.953938419821934,-0.7503014968376924,
NG-KT,Katsina,DHS,2018,MICS,2021,0.3100235980229106,0.3330857729266605,0.0076873916345833,2.420551560298745,0.5763266795869372,
NG-KE,Kebbi,DHS,2018,MICS,2021,0.5087434231172504,0.437259527407114,-0.0238279652367121,-4.921973701128035,-1.579989880017427,
NG-KO,Kogi,DHS,2018,MICS,2021,0.1227451389357951,0.0637921408655954,-0.0196509993567332,-19.60032525231882,-2.244154000495961,**
NG-KW,Kwara,DHS,2018,MICS,2021,0.1817384802466164,0.0962442724788407,-0.0284980692559253,-19.09488106686438,-1.665568646620237,*
NG-LA,Lagos,DHS,2018,MICS,2021,0.017357390509274,0.0043607469750755,-0.0043322145113995,-36.90056295632927,-3.836528215316499,***
NG-NA,Nasarawa,DHS,2018,MICS,2021,0.1127376008352955,0.1887620936353704,0.025341497600025,18.74500016105332,2.820331530723884,***
NG-NI,Niger,DHS,2018,MICS,2021,0.3136883265034796,0.2190993822710941,-0.0315296480774618,-11.27467504820578,-2.044437568757934,**
NG-OG,Ogun,DHS,2018,MICS,2021,0.0289067612804055,0.0918175508812875,0.020970263200294,46.99709633556252,3.533172503319573,***
NG-ON,Ondo,DHS,2018,MICS,2021,0.0503056742035855,0.0636784891123096,0.0044576049695747,8.174590257778625,0.9921349943138479,
NG-OS,Osun,DHS,2018,MICS,2021,0.0542068685578478,0.0314646938447099,-0.0075807249043793,-16.58264848771342,-2.028913783678417,**
NG-OY,Oyo,DHS,2018,MICS,2021,0.0533167244812418,0.0808740301160175,0.0091857685449253,14.89872468131568,1.143233487952758,
NG-PL,Plateau,DHS,2018,MICS,2021,0.1570735214017582,0.1944775462750894,0.0124680082911104,7.379694008288906,1.269911433649491,
NG-RI,Rivers,DHS,2018,MICS,2021,0.0346852336546694,0.0351212136932594,0.00014532667953,0.4172438264170575,0.0491893867398765,
NG-SO,Sokoto,DHS,2018,MICS,2021,0.4777152089274667,0.4371937098028021,-0.0135071663748882,-2.911391003422692,-0.794355983600742,
NG-TA,Taraba,DHS,2018,MICS,2021,0.2638793407474758,0.2701975664246393,0.0021060752257212,0.7918339825083276,0.1656447294554368,
NG-YO,Yobe,DHS,2018,MICS,2021,0.4544563802481476,0.3427848493195099,-0.0372238436428792,-8.971691826947858,-2.036933497454851,**
NG-ZA,Zamfara,DHS,2018,MICS,2021,0.4070623391154785,0.3912671480139258,-0.0052650637005176,-1.310529173622677,-0.3001761166409209,
