pcode,state,capital,geonameid,feature_code,geonames_admin1,population,lat,lon
NG-AB,Abia,Umuahia,2320576,PPLA,45,370000,5.5249,7.4946
NG-AD,Adamawa,Yola,2318044,PPLA,35,460000,9.2084,12.4815
NG-AK,Akwa Ibom,Uyo,2319480,PPLA,21,436606,5.0513,7.9335
NG-AN,Anambra,Awka,2348773,PPLA,25,167738,6.2127,7.0720
NG-BA,Bauchi,Bauchi,2347470,PPLA,46,693700,10.3103,9.8439
NG-BE,Benue,Makurdi,2331140,PPLA,26,390000,7.7337,8.5214
NG-BO,Borno,Maiduguri,2331447,PPLA,27,1110000,11.8469,13.1571
NG-BY,Bayelsa,Yenagoa,2318123,PPLA,52,365000,4.9268,6.2676
NG-CR,Cross River,Calabar,2346229,PPLA,22,540000,4.9589,8.3270
NG-DE,Delta,Asaba,2349276,PPLA,36,73374,6.1982,6.7319
NG-EB,Ebonyi,Abakaliki,2353099,PPLA,53,134102,6.3248,8.1137
NG-ED,Edo,Benin City,2347283,PPLA,37,1782000,6.3381,5.6258
NG-EK,Ekiti,Ado-Ekiti,2352379,PPLA,54,435000,7.6233,5.2209
NG-EN,Enugu,Enugu,2343279,PPLA,47,950000,6.4413,7.4988
NG-FC,FCT,Abuja,2352778,PPLC,11,2690000,9.0579,7.4951
NG-GO,Gombe,Gombe,2340451,PPLA,55,560000,10.2897,11.1673
NG-IM,Imo,Owerri,2325330,PPLA,28,545000,5.4836,7.0332
NG-JI,Jigawa,Dutse,2344245,PPLA,39,17129,11.7562,9.3390
NG-KD,Kaduna,Kaduna,2335727,PPLA,23,1850000,10.5264,7.4388
NG-KE,Kebbi,Birnin Kebbi,2347059,PPLA,40,108164,12.4539,4.1975
NG-KN,Kano,Kano,2335204,PPLA,29,4910000,12.0001,8.5167
NG-KO,Kogi,Lokoja,2331939,PPLA,41,60579,7.7969,6.7405
NG-KT,Katsina,Katsina,2334802,PPLA,24,670000,12.9908,7.6018
NG-KW,Kwara,Ilorin,2337639,PPLA,30,1080000,8.4966,4.5421
NG-LA,Lagos,Ikeja,2338313,PPLA,05,313196,6.5965,3.3420
NG-NA,Nasarawa,Lafia,2332515,PPLA,56,127236,8.4939,8.5153
NG-NI,Niger,Minna,2330100,PPLA,31,425000,9.6152,6.5478
NG-OG,Ogun,Abeokuta,2352947,PPLA,16,735000,7.1557,3.3451
NG-ON,Ondo,Akure,2350841,PPLA,48,730000,7.2526,5.1931
NG-OS,Osun,Osogbo,2325590,PPLA,42,645000,7.7710,4.5570
NG-OY,Oyo,Ibadan,2339354,PPLA,32,3649000,7.3776,3.9059
NG-PL,Plateau,Jos,2335953,PPLA,49,1040000,9.9285,8.8921
NG-RI,Rivers,Port Harcourt,2324774,PPLA,50,2120000,4.7774,7.0134
NG-SO,Sokoto,Sokoto,2322911,PPLA,51,1040000,13.0627,5.2432
NG-TA,Taraba,Jalingo,2336589,PPLA,43,117757,8.8937,11.3596
NG-YO,Yobe,Damaturu,2345521,PPLA,44,46000,11.7470,11.9608
NG-ZA,Zamfara,Gusau,2339937,PPLA,57,226857,12.1702,6.6641
