pcode,state,year,event_type,party,seated_year,source_note
NG-AB,Abia,1999,cycle,PDP,1999,scheduled 1999 cycle election; seated at the 1999 cycle inauguration (late May); https://en.wikipedia.org/wiki/List_of_governors_of_Abia_State
NG-AB,Abia,2003,cycle,PDP,2003,scheduled 2003 cycle election; seated at the 2003 cycle inauguration (late May); https://en.wikipedia.org/wiki/List_of_governors_of_Abia_State
NG-AB,Abia,2007,cycle,PPA,2007,scheduled 2007 cycle election; seated at the 2007 cycle inauguration (late May); https://en.wikipedia.org/wiki/List_of_governors_of_Abia_State
NG-AB,Abia,2011,cycle,PDP,2011,scheduled 2011 cycle election; seated at the 2011 cycle inauguration (late May); https://en.wikipedia.org/wiki/List_of_governors_of_Abia_State
NG-AB,Abia,2015,cycle,PDP,2015,scheduled 2015 cycle election; seated at the 2015 cycle inauguration (late May); https://en.wikipedia.org/wiki/List_of_governors_of_Abia_State
NG-AB,Abia,2019,cycle,PDP,2019,scheduled 2019 cycle election; seated at the 2019 cycle inauguration (late May); https://en.wikipedia.org/wiki/List_of_governors_of_Abia_State
NG-AD,Adamawa,1999,cycle,PDP,1999,scheduled 1999 cycle election; seated at the 1999 cycle inauguration (late May); https://en.wikipedia.org/wiki/List_of_governors_of_Adamawa_State
NG-AD,Adamawa,2003,cycle,PDP,2003,scheduled 2003 cycle election; seated at the 2003 cycle inauguration (late May); https://en.wikipedia.org/wiki/List_of_governors_of_Adamawa_State
NG-AD,Adamawa,2007,cycle,PDP,2007,scheduled 2007 cycle election; seated at the 2007 cycle inauguration (late May); https://en.wikipedia.org/wiki/List_of_governors_of_Adamawa_State
NG-AD,Adamawa,2008,rerun,PDP,2008,Nyako returned 29 April 2008 after 2008 re-run; https://en.wikipedia.org/wiki/List_of_governors_of_Adamawa_State
NG-AD,Adamawa,2012,off-cycle,PDP,2012,Nyako re-elected Feb 2012 and sworn in for 2nd term 2012; https://www.channelstv.com/2012/02/06/jonathan-congratulates-nyako/ ; https://en.wikipedia.org/wiki/Murtala_Nyako
NG-AD,Adamawa,2015,cycle,APC,2015,scheduled 2015 cycle election; seated at the 2015 cycle inauguration (late May); https://en.wikipedia.org/wiki/List_of_governors_of_Adamawa_State
NG-AD,Adamawa,2019,cycle,PDP,2019,scheduled 2019 cycle election; seated at the 2019 cycle inauguration (late May); https://en.wikipedia.org/wiki/List_of_governors_of_Adamawa_State
NG-AK,Akwa Ibom,1999,cycle,PDP,1999,scheduled 1999 cycle election; seated at the 1999 cycle inauguration (late May); https://en.wikipedia.org/wiki/List_of_governors_of_Akwa_Ibom_State
NG-AK,Akwa Ibom,2003,cycle,PDP,2003,scheduled 2003 cycle election; seated at the 2003 cycle inauguration (late May); https://en.wikipedia.org/wiki/List_of_governors_of_Akwa_Ibom_State
NG-AK,Akwa Ibom,2007,cycle,PDP,2007,scheduled 2007 cycle election; seated at the 2007 cycle inauguration (late May); https://en.wikipedia.org/wiki/List_of_governors_of_Akwa_Ibom_State
NG-AK,Akwa Ibom,2011,cycle,PDP,2011,scheduled 2011 cycle election; seated at the 2011 cycle inauguration (late May); https://en.wikipedia.org/wiki/List_of_governors_of_Akwa_Ibom_State
NG-AK,Akwa Ibom,2015,cycle,PDP,2015,scheduled 2015 cycle election; seated at the 2015 cycle inauguration (late May); https://en.wikipedia.org/wiki/List_of_governors_of_Akwa_Ibom_State
NG-AK,Akwa Ibom,2019,cycle,PDP,2019,scheduled 2019 cycle election; seated at the 2019 cycle inauguration (late May); https://en.wikipedia.org/wiki/List_of_governors_of_Akwa_Ibom_State
NG-AN,Anambra,1999,cycle,PDP,1999,scheduled 1999 cycle election; seated at the 1999 cycle inauguration (late May); https://en.wikipedia.org/wiki/List_of_governors_of_Anambra_State
NG-AN,Anambra,2003,cycle,PDP,2003,scheduled 2003 cycle election; seated at the 2003 cycle inauguration (late May); https://en.wikipedia.org/wiki/List_of_governors_of_Anambra_State
NG-AN,Anambra,2003,court,APGA,2006,Obi sworn in 17 March 2006 after Court of Appeal voided Ngige's 2003 return; https://en.wikipedia.org/wiki/Peter_Obi ; https://en.wikipedia.org/wiki/List_of_governors_of_Anambra_State
NG-AN,Anambra,2007,cycle,PDP,2007,scheduled 2007 cycle election; seated at the 2007 cycle inauguration (late May); https://en.wikipedia.org/wiki/List_of_governors_of_Anambra_State
NG-AN,Anambra,2010,off-cycle,APGA,2010,Feb 2010 election; Obi's 2nd term from 17 March 2010; https://en.wikipedia.org/wiki/Peter_Obi
NG-AN,Anambra,2013,off-cycle,APGA,2014,Nov 2013 election; Obiano took office March 2014 (17 March 2014); https://en.wikipedia.org/wiki/List_of_governors_of_Anambra_State ; https://thewillnews.com/obiano-sworn-in-as-anambra-state-governor/
NG-AN,Anambra,2017,off-cycle,APGA,2018,Nov 2017 election; Obiano sworn in for 2nd term 17 March 2018; https://saharareporters.com/2018/03/17/obiano-sworn-second-term-anambra-governor
NG-AN,Anambra,2021,off-cycle,APGA,2022,Nov 2021 election; Soludo sworn in 17 March 2022; https://en.wikipedia.org/wiki/List_of_governors_of_Anambra_State
NG-BA,Bauchi,1999,cycle,PDP,1999,scheduled 1999 cycle election; seated at the 1999 cycle inauguration (late May); https://en.wikipedia.org/wiki/List_of_governors_of_Bauchi_State
NG-BA,Bauchi,2003,cycle,PDP,2003,scheduled 2003 cycle election; seated at the 2003 cycle inauguration (late May); https://en.wikipedia.org/wiki/List_of_governors_of_Bauchi_State
NG-BA,Bauchi,2007,cycle,ANPP,2007,scheduled 2007 cycle election; seated at the 2007 cycle inauguration (late May); https://en.wikipedia.org/wiki/List_of_governors_of_Bauchi_State
NG-BA,Bauchi,2011,cycle,PDP,2011,scheduled 2011 cycle election; seated at the 2011 cycle inauguration (late May); https://en.wikipedia.org/wiki/List_of_governors_of_Bauchi_State
NG-BA,Bauchi,2015,cycle,APC,2015,scheduled 2015 cycle election; seated at the 2015 cycle inauguration (late May); https://en.wikipedia.org/wiki/List_of_governors_of_Bauchi_State
NG-BA,Bauchi,2019,cycle,PDP,2019,scheduled 2019 cycle election; seated at the 2019 cycle inauguration (late May); https://en.wikipedia.org/wiki/List_of_governors_of_Bauchi_State
NG-BE,Benue,1999,cycle,PDP,1999,scheduled 1999 cycle election; seated at the 1999 cycle inauguration (late May); https://en.wikipedia.org/wiki/List_of_governors_of_Benue_State
NG-BE,Benue,2003,cycle,PDP,2003,scheduled 2003 cycle election; seated at the 2003 cycle inauguration (late May); https://en.wikipedia.org/wiki/List_of_governors_of_Benue_State
NG-BE,Benue,2007,cycle,PDP,2007,scheduled 2007 cycle election; seated at the 2007 cycle inauguration (late May); https://en.wikipedia.org/wiki/List_of_governors_of_Benue_State
NG-BE,Benue,2011,cycle,PDP,2011,scheduled 2011 cycle election; seated at the 2011 cycle inauguration (late May); https://en.wikipedia.org/wiki/List_of_governors_of_Benue_State
NG-BE,Benue,2015,cycle,APC,2015,scheduled 2015 cycle election; seated at the 2015 cycle inauguration (late May); https://en.wikipedia.org/wiki/List_of_governors_of_Benue_State
NG-BE,Benue,2019,cycle,PDP,2019,scheduled 2019 cycle election; seated at the 2019 cycle inauguration (late May); https://en.wikipedia.org/wiki/List_of_governors_of_Benue_State
NG-BO,Borno,1999,cycle,APP,1999,scheduled 1999 cycle election; seated at the 1999 cycle inauguration (late May); https://en.wikipedia.org/wiki/List_of_governors_of_Borno_State
NG-BO,Borno,2003,cycle,ANPP,2003,scheduled 2003 cycle election; seated at the 2003 cycle inauguration (late May); https://en.wikipedia.org/wiki/List_of_governors_of_Borno_State
NG-BO,Borno,2007,cycle,ANPP,2007,scheduled 2007 cycle election; seated at the 2007 cycle inauguration (late May); https://en.wikipedia.org/wiki/List_of_governors_of_Borno_State
NG-BO,Borno,2011,cycle,ANPP,2011,scheduled 2011 cycle election; seated at the 2011 cycle inauguration (late May); https://en.wikipedia.org/wiki/List_of_governors_of_Borno_State
NG-BO,Borno,2015,cycle,APC,2015,scheduled 2015 cycle election; seated at the 2015 cycle inauguration (late May); https://en.wikipedia.org/wiki/List_of_governors_of_Borno_State
NG-BO,Borno,2019,cycle,APC,2019,scheduled 2019 cycle election; seated at the 2019 cycle inauguration (late May); https://en.wikipedia.org/wiki/List_of_governors_of_Borno_State
NG-BY,Bayelsa,1999,cycle,PDP,1999,scheduled 1999 cycle election; seated at the 1999 cycle inauguration (late May); https://en.wikipedia.org/wiki/List_of_governors_of_Bayelsa_State
NG-BY,Bayelsa,2003,cycle,PDP,2003,scheduled 2003 cycle election; seated at the 2003 cycle inauguration (late May); https://en.wikipedia.org/wiki/List_of_governors_of_Bayelsa_State
NG-BY,Bayelsa,2007,cycle,PDP,2007,scheduled 2007 cycle election; seated at the 2007 cycle inauguration (late May); https://en.wikipedia.org/wiki/List_of_governors_of_Bayelsa_State
NG-BY,Bayelsa,2008,rerun,PDP,2008,Sylva returned 27 May 2008 after re-run; https://en.wikipedia.org/wiki/List_of_governors_of_Bayelsa_State
NG-BY,Bayelsa,2012,off-cycle,PDP,2012,Dickson took office 14 February 2012; https://en.wikipedia.org/wiki/List_of_governors_of_Bayelsa_State
NG-BY,Bayelsa,2016,off-cycle,PDP,2016,"election 5 Dec 2015, concluded Jan 2016; Dickson sworn in for 2nd term 14 Feb 2016; https://en.wikipedia.org/wiki/2015_Bayelsa_State_gubernatorial_election ; https://www.pressreader.com/nigeria/thisday/20160215/281513635208361"
NG-BY,Bayelsa,2019,off-cycle,PDP,2020,election 16 Nov 2019; APC return annulled by Supreme Court; Diri (PDP) took office 14 February 2020; https://en.wikipedia.org/wiki/List_of_governors_of_Bayelsa_State ; https://en.wikipedia.org/wiki/2019_Bayelsa_State_gubernatorial_election
NG-CR,Cross River,1999,cycle,PDP,1999,scheduled 1999 cycle election; seated at the 1999 cycle inauguration (late May); https://en.wikipedia.org/wiki/List_of_governors_of_Cross_River_State
NG-CR,Cross River,2003,cycle,PDP,2003,scheduled 2003 cycle election; seated at the 2003 cycle inauguration (late May); https://en.wikipedia.org/wiki/List_of_governors_of_Cross_River_State
NG-CR,Cross River,2007,cycle,PDP,2007,scheduled 2007 cycle election; seated at the 2007 cycle inauguration (late May); https://en.wikipedia.org/wiki/List_of_governors_of_Cross_River_State
NG-CR,Cross River,2008,rerun,PDP,2008,2007 result annulled July 2008; Imoke re-elected in re-run 23 Aug 2008; https://en.wikipedia.org/wiki/Liyel_Imoke
NG-CR,Cross River,2012,off-cycle,PDP,2012,rescheduled election 25 Feb 2012; Imoke sworn in late Feb 2012; https://www.channelstv.com/2012/02/26/president-jonathan-congratulates-imoke-on-cross-river-win/ ; https://en.wikipedia.org/wiki/Liyel_Imoke
NG-CR,Cross River,2015,cycle,PDP,2015,scheduled 2015 cycle election; seated at the 2015 cycle inauguration (late May); https://en.wikipedia.org/wiki/List_of_governors_of_Cross_River_State
NG-CR,Cross River,2019,cycle,PDP,2019,scheduled 2019 cycle election; seated at the 2019 cycle inauguration (late May); https://en.wikipedia.org/wiki/List_of_governors_of_Cross_River_State
NG-DE,Delta,1999,cycle,PDP,1999,scheduled 1999 cycle election; seated at the 1999 cycle inauguration (late May); https://en.wikipedia.org/wiki/List_of_governors_of_Delta_State
NG-DE,Delta,2003,cycle,PDP,2003,scheduled 2003 cycle election; seated at the 2003 cycle inauguration (late May); https://en.wikipedia.org/wiki/List_of_governors_of_Delta_State
NG-DE,Delta,2007,cycle,PDP,2007,scheduled 2007 cycle election; seated at the 2007 cycle inauguration (late May); https://en.wikipedia.org/wiki/List_of_governors_of_Delta_State
NG-DE,Delta,2011,cycle,PDP,2011,scheduled 2011 cycle election; seated at the 2011 cycle inauguration (late May); https://en.wikipedia.org/wiki/List_of_governors_of_Delta_State
NG-DE,Delta,2011,rerun,PDP,2011,Court of Appeal annulled 2007 result 9 Nov 2010; re-run 6 Jan 2011; Uduaghan sworn in 10 Jan 2011; https://en.wikipedia.org/wiki/Emmanuel_Uduaghan ; https://www.vanguardngr.com/2011/01/inside-story-of-delta-re-run-election/
NG-DE,Delta,2015,cycle,PDP,2015,scheduled 2015 cycle election; seated at the 2015 cycle inauguration (late May); https://en.wikipedia.org/wiki/List_of_governors_of_Delta_State
NG-DE,Delta,2019,cycle,PDP,2019,scheduled 2019 cycle election; seated at the 2019 cycle inauguration (late May); https://en.wikipedia.org/wiki/List_of_governors_of_Delta_State
NG-EB,Ebonyi,1999,cycle,PDP,1999,scheduled 1999 cycle election; seated at the 1999 cycle inauguration (late May); https://en.wikipedia.org/wiki/List_of_governors_of_Ebonyi_State
NG-EB,Ebonyi,2003,cycle,PDP,2003,scheduled 2003 cycle election; seated at the 2003 cycle inauguration (late May); https://en.wikipedia.org/wiki/List_of_governors_of_Ebonyi_State
NG-EB,Ebonyi,2007,cycle,PDP,2007,scheduled 2007 cycle election; seated at the 2007 cycle inauguration (late May); https://en.wikipedia.org/wiki/List_of_governors_of_Ebonyi_State
NG-EB,Ebonyi,2011,cycle,PDP,2011,scheduled 2011 cycle election; seated at the 2011 cycle inauguration (late May); https://en.wikipedia.org/wiki/List_of_governors_of_Ebonyi_State
NG-EB,Ebonyi,2015,cycle,PDP,2015,scheduled 2015 cycle election; seated at the 2015 cycle inauguration (late May); https://en.wikipedia.org/wiki/List_of_governors_of_Ebonyi_State
NG-EB,Ebonyi,2019,cycle,PDP,2019,scheduled 2019 cycle election; seated at the 2019 cycle inauguration (late May); https://en.wikipedia.org/wiki/List_of_governors_of_Ebonyi_State
NG-ED,Edo,1999,cycle,PDP,1999,scheduled 1999 cycle election; seated at the 1999 cycle inauguration (late May); https://en.wikipedia.org/wiki/List_of_governors_of_Edo_State
NG-ED,Edo,2003,cycle,PDP,2003,scheduled 2003 cycle election; seated at the 2003 cycle inauguration (late May); https://en.wikipedia.org/wiki/List_of_governors_of_Edo_State
NG-ED,Edo,2007,cycle,PDP,2007,scheduled 2007 cycle election; seated at the 2007 cycle inauguration (late May); https://en.wikipedia.org/wiki/List_of_governors_of_Edo_State
NG-ED,Edo,2008,court,ACN,2008,"Oshiomhole installed by tribunal/appeal, took office 12 November 2008; https://en.wikipedia.org/wiki/List_of_governors_of_Edo_State"
NG-ED,Edo,2012,off-cycle,ACN,2012,election 14 July 2012; Oshiomhole sworn in for 2nd term 12 Nov 2012; https://www.channelstv.com/2012/11/13/governor-oshiomhole-sworn-in-for-second-term/
NG-ED,Edo,2016,off-cycle,APC,2016,Sept 2016 election; Obaseki took office 12 November 2016; https://en.wikipedia.org/wiki/List_of_governors_of_Edo_State
NG-ED,Edo,2020,off-cycle,PDP,2020,election 19 Sept 2020 (Obaseki on PDP); sworn in 12 Nov 2020; https://en.wikipedia.org/wiki/2020_Edo_State_gubernatorial_election ; https://www.channelstv.com/2020/11/12/obaseki-deputy-sworn-in-for-second-term/
NG-EK,Ekiti,1999,cycle,AD,1999,scheduled 1999 cycle election; seated at the 1999 cycle inauguration (late May); https://en.wikipedia.org/wiki/List_of_governors_of_Ekiti_State
NG-EK,Ekiti,2003,cycle,PDP,2003,scheduled 2003 cycle election; seated at the 2003 cycle inauguration (late May); https://en.wikipedia.org/wiki/List_of_governors_of_Ekiti_State
NG-EK,Ekiti,2007,cycle,PDP,2007,scheduled 2007 cycle election; seated at the 2007 cycle inauguration (late May); https://en.wikipedia.org/wiki/List_of_governors_of_Ekiti_State
NG-EK,Ekiti,2009,rerun,PDP,2009,Oni returned 6 May 2009 after re-run; https://en.wikipedia.org/wiki/List_of_governors_of_Ekiti_State
NG-EK,Ekiti,2010,court,ACN,2010,"Fayemi installed by Court of Appeal, took office 16 October 2010; https://en.wikipedia.org/wiki/List_of_governors_of_Ekiti_State"
NG-EK,Ekiti,2014,off-cycle,PDP,2014,June 2014 election; Fayose took office 16 October 2014; https://en.wikipedia.org/wiki/List_of_governors_of_Ekiti_State
NG-EK,Ekiti,2018,off-cycle,APC,2018,July 2018 election; Fayemi took office 16 October 2018; https://en.wikipedia.org/wiki/List_of_governors_of_Ekiti_State
NG-EN,Enugu,1999,cycle,PDP,1999,scheduled 1999 cycle election; seated at the 1999 cycle inauguration (late May); https://en.wikipedia.org/wiki/List_of_governors_of_Enugu_State
NG-EN,Enugu,2003,cycle,PDP,2003,scheduled 2003 cycle election; seated at the 2003 cycle inauguration (late May); https://en.wikipedia.org/wiki/List_of_governors_of_Enugu_State
NG-EN,Enugu,2007,cycle,PDP,2007,scheduled 2007 cycle election; seated at the 2007 cycle inauguration (late May); https://en.wikipedia.org/wiki/List_of_governors_of_Enugu_State
NG-EN,Enugu,2011,cycle,PDP,2011,scheduled 2011 cycle election; seated at the 2011 cycle inauguration (late May); https://en.wikipedia.org/wiki/List_of_governors_of_Enugu_State
NG-EN,Enugu,2015,cycle,PDP,2015,scheduled 2015 cycle election; seated at the 2015 cycle inauguration (late May); https://en.wikipedia.org/wiki/List_of_governors_of_Enugu_State
NG-EN,Enugu,2019,cycle,PDP,2019,scheduled 2019 cycle election; seated at the 2019 cycle inauguration (late May); https://en.wikipedia.org/wiki/List_of_governors_of_Enugu_State
NG-GO,Gombe,1999,cycle,APP,1999,scheduled 1999 cycle election; seated at the 1999 cycle inauguration (late May); https://en.wikipedia.org/wiki/List_of_governors_of_Gombe_State
NG-GO,Gombe,2003,cycle,PDP,2003,scheduled 2003 cycle election; seated at the 2003 cycle inauguration (late May); https://en.wikipedia.org/wiki/List_of_governors_of_Gombe_State
NG-GO,Gombe,2007,cycle,PDP,2007,scheduled 2007 cycle election; seated at the 2007 cycle inauguration (late May); https://en.wikipedia.org/wiki/List_of_governors_of_Gombe_State
NG-GO,Gombe,2011,cycle,PDP,2011,scheduled 2011 cycle election; seated at the 2011 cycle inauguration (late May); https://en.wikipedia.org/wiki/List_of_governors_of_Gombe_State
NG-GO,Gombe,2015,cycle,PDP,2015,scheduled 2015 cycle election; seated at the 2015 cycle inauguration (late May); https://en.wikipedia.org/wiki/List_of_governors_of_Gombe_State
NG-GO,Gombe,2019,cycle,APC,2019,scheduled 2019 cycle election; seated at the 2019 cycle inauguration (late May); https://en.wikipedia.org/wiki/List_of_governors_of_Gombe_State
NG-IM,Imo,1999,cycle,PDP,1999,scheduled 1999 cycle election; seated at the 1999 cycle inauguration (late May); https://en.wikipedia.org/wiki/List_of_governors_of_Imo_State
NG-IM,Imo,2003,cycle,PDP,2003,scheduled 2003 cycle election; seated at the 2003 cycle inauguration (late May); https://en.wikipedia.org/wiki/List_of_governors_of_Imo_State
NG-IM,Imo,2007,cycle,PPA,2007,scheduled 2007 cycle election; seated at the 2007 cycle inauguration (late May); https://en.wikipedia.org/wiki/List_of_governors_of_Imo_State
NG-IM,Imo,2011,cycle,APGA,2011,scheduled 2011 cycle election; seated at the 2011 cycle inauguration (late May); https://en.wikipedia.org/wiki/List_of_governors_of_Imo_State
NG-IM,Imo,2015,cycle,APC,2015,scheduled 2015 cycle election; seated at the 2015 cycle inauguration (late May); https://en.wikipedia.org/wiki/List_of_governors_of_Imo_State
NG-IM,Imo,2019,cycle,PDP,2019,scheduled 2019 cycle election; seated at the 2019 cycle inauguration (late May); https://en.wikipedia.org/wiki/List_of_governors_of_Imo_State
NG-IM,Imo,2019,court,APC,2020,Supreme Court judgment 14 Jan 2020; Uzodimma sworn in 15 January 2020; https://en.wikipedia.org/wiki/Hope_Uzodimma ; https://en.wikipedia.org/wiki/List_of_governors_of_Imo_State
NG-JI,Jigawa,1999,cycle,APP,1999,scheduled 1999 cycle election; seated at the 1999 cycle inauguration (late May); https://en.wikipedia.org/wiki/List_of_governors_of_Jigawa_State
NG-JI,Jigawa,2003,cycle,ANPP,2003,scheduled 2003 cycle election; seated at the 2003 cycle inauguration (late May); https://en.wikipedia.org/wiki/List_of_governors_of_Jigawa_State
NG-JI,Jigawa,2007,cycle,PDP,2007,scheduled 2007 cycle election; seated at the 2007 cycle inauguration (late May); https://en.wikipedia.org/wiki/List_of_governors_of_Jigawa_State
NG-JI,Jigawa,2011,cycle,PDP,2011,scheduled 2011 cycle election; seated at the 2011 cycle inauguration (late May); https://en.wikipedia.org/wiki/List_of_governors_of_Jigawa_State
NG-JI,Jigawa,2015,cycle,APC,2015,scheduled 2015 cycle election; seated at the 2015 cycle inauguration (late May); https://en.wikipedia.org/wiki/List_of_governors_of_Jigawa_State
NG-JI,Jigawa,2019,cycle,APC,2019,scheduled 2019 cycle election; seated at the 2019 cycle inauguration (late May); https://en.wikipedia.org/wiki/List_of_governors_of_Jigawa_State
NG-KD,Kaduna,1999,cycle,PDP,1999,scheduled 1999 cycle election; seated at the 1999 cycle inauguration (late May); https://en.wikipedia.org/wiki/List_of_governors_of_Kaduna_State
NG-KD,Kaduna,2003,cycle,PDP,2003,scheduled 2003 cycle election; seated at the 2003 cycle inauguration (late May); https://en.wikipedia.org/wiki/List_of_governors_of_Kaduna_State
NG-KD,Kaduna,2007,cycle,PDP,2007,scheduled 2007 cycle election; seated at the 2007 cycle inauguration (late May); https://en.wikipedia.org/wiki/List_of_governors_of_Kaduna_State
NG-KD,Kaduna,2011,cycle,PDP,2011,scheduled 2011 cycle election; seated at the 2011 cycle inauguration (late May); https://en.wikipedia.org/wiki/List_of_governors_of_Kaduna_State
NG-KD,Kaduna,2015,cycle,APC,2015,scheduled 2015 cycle election; seated at the 2015 cycle inauguration (late May); https://en.wikipedia.org/wiki/List_of_governors_of_Kaduna_State
NG-KD,Kaduna,2019,cycle,APC,2019,scheduled 2019 cycle election; seated at the 2019 cycle inauguration (late May); https://en.wikipedia.org/wiki/List_of_governors_of_Kaduna_State
NG-KE,Kebbi,1999,cycle,APP,1999,scheduled 1999 cycle election; seated at the 1999 cycle inauguration (late May); https://en.wikipedia.org/wiki/List_of_governors_of_Kebbi_State
NG-KE,Kebbi,2003,cycle,ANPP,2003,scheduled 2003 cycle election; seated at the 2003 cycle inauguration (late May); https://en.wikipedia.org/wiki/List_of_governors_of_Kebbi_State
NG-KE,Kebbi,2007,cycle,PDP,2007,scheduled 2007 cycle election; seated at the 2007 cycle inauguration (late May); https://en.wikipedia.org/wiki/List_of_governors_of_Kebbi_State
NG-KE,Kebbi,2011,cycle,PDP,2011,scheduled 2011 cycle election; seated at the 2011 cycle inauguration (late May); https://en.wikipedia.org/wiki/List_of_governors_of_Kebbi_State
NG-KE,Kebbi,2012,rerun,PDP,2012,Supreme Court ordered fresh poll Feb 2012; re-run 31 March 2012 won by Dakingari; https://www.channelstv.com/2012/04/02/kebbi-re-run-electiondakingari-wins-governorship-poll/ ; https://en.wikipedia.org/wiki/2012_Kebbi_State_gubernatorial_by-election
NG-KE,Kebbi,2015,cycle,APC,2015,scheduled 2015 cycle election; seated at the 2015 cycle inauguration (late May); https://en.wikipedia.org/wiki/List_of_governors_of_Kebbi_State
NG-KE,Kebbi,2019,cycle,APC,2019,scheduled 2019 cycle election; seated at the 2019 cycle inauguration (late May); https://en.wikipedia.org/wiki/List_of_governors_of_Kebbi_State
NG-KN,Kano,1999,cycle,PDP,1999,scheduled 1999 cycle election; seated at the 1999 cycle inauguration (late May); https://en.wikipedia.org/wiki/List_of_governors_of_Kano_State
NG-KN,Kano,2003,cycle,ANPP,2003,scheduled 2003 cycle election; seated at the 2003 cycle inauguration (late May); https://en.wikipedia.org/wiki/List_of_governors_of_Kano_State
NG-KN,Kano,2007,cycle,ANPP,2007,scheduled 2007 cycle election; seated at the 2007 cycle inauguration (late May); https://en.wikipedia.org/wiki/List_of_governors_of_Kano_State
NG-KN,Kano,2011,cycle,PDP,2011,scheduled 2011 cycle election; seated at the 2011 cycle inauguration (late May); https://en.wikipedia.org/wiki/List_of_governors_of_Kano_State
NG-KN,Kano,2015,cycle,APC,2015,scheduled 2015 cycle election; seated at the 2015 cycle inauguration (late May); https://en.wikipedia.org/wiki/List_of_governors_of_Kano_State
NG-KN,Kano,2019,cycle,APC,2019,scheduled 2019 cycle election; seated at the 2019 cycle inauguration (late May); https://en.wikipedia.org/wiki/List_of_governors_of_Kano_State
NG-KO,Kogi,1999,cycle,APP,1999,scheduled 1999 cycle election; seated at the 1999 cycle inauguration (late May); https://en.wikipedia.org/wiki/List_of_governors_of_Kogi_State
NG-KO,Kogi,2003,cycle,PDP,2003,scheduled 2003 cycle election; seated at the 2003 cycle inauguration (late May); https://en.wikipedia.org/wiki/List_of_governors_of_Kogi_State
NG-KO,Kogi,2007,cycle,PDP,2007,scheduled 2007 cycle election; seated at the 2007 cycle inauguration (late May); https://en.wikipedia.org/wiki/List_of_governors_of_Kogi_State
NG-KO,Kogi,2008,rerun,PDP,2008,Idris returned 5 April 2008 after re-run; https://en.wikipedia.org/wiki/List_of_governors_of_Kogi_State
NG-KO,Kogi,2011,off-cycle,PDP,2012,Dec 2011 election; Wada took office 27 January 2012; https://en.wikipedia.org/wiki/List_of_governors_of_Kogi_State
NG-KO,Kogi,2015,off-cycle,APC,2016,Nov 2015 election; Bello took office 27 January 2016; https://en.wikipedia.org/wiki/List_of_governors_of_Kogi_State
NG-KO,Kogi,2019,off-cycle,APC,2020,"election 16 Nov 2019; Bello sworn in for 2nd term 27 Jan 2020 (Channels TV 'Yahaya Bello Sworn In For Second Term', cited in https://en.wikipedia.org/wiki/2019_Kogi_State_gubernatorial_election ); term 27 Jan 2016-27 Jan 2024 per https://en.wikipedia.org/wiki/List_of_governors_of_Kogi_State"
NG-KT,Katsina,1999,cycle,PDP,1999,scheduled 1999 cycle election; seated at the 1999 cycle inauguration (late May); https://en.wikipedia.org/wiki/List_of_governors_of_Katsina_State
NG-KT,Katsina,2003,cycle,PDP,2003,scheduled 2003 cycle election; seated at the 2003 cycle inauguration (late May); https://en.wikipedia.org/wiki/List_of_governors_of_Katsina_State
NG-KT,Katsina,2007,cycle,PDP,2007,scheduled 2007 cycle election; seated at the 2007 cycle inauguration (late May); https://en.wikipedia.org/wiki/List_of_governors_of_Katsina_State
NG-KT,Katsina,2011,cycle,PDP,2011,scheduled 2011 cycle election; seated at the 2011 cycle inauguration (late May); https://en.wikipedia.org/wiki/List_of_governors_of_Katsina_State
NG-KT,Katsina,2015,cycle,APC,2015,scheduled 2015 cycle election; seated at the 2015 cycle inauguration (late May); https://en.wikipedia.org/wiki/List_of_governors_of_Katsina_State
NG-KT,Katsina,2019,cycle,APC,2019,scheduled 2019 cycle election; seated at the 2019 cycle inauguration (late May); https://en.wikipedia.org/wiki/List_of_governors_of_Katsina_State
NG-KW,Kwara,1999,cycle,APP,1999,scheduled 1999 cycle election; seated at the 1999 cycle inauguration (late May); https://en.wikipedia.org/wiki/List_of_governors_of_Kwara_State
NG-KW,Kwara,2003,cycle,PDP,2003,scheduled 2003 cycle election; seated at the 2003 cycle inauguration (late May); https://en.wikipedia.org/wiki/List_of_governors_of_Kwara_State
NG-KW,Kwara,2007,cycle,PDP,2007,scheduled 2007 cycle election; seated at the 2007 cycle inauguration (late May); https://en.wikipedia.org/wiki/List_of_governors_of_Kwara_State
NG-KW,Kwara,2011,cycle,PDP,2011,scheduled 2011 cycle election; seated at the 2011 cycle inauguration (late May); https://en.wikipedia.org/wiki/List_of_governors_of_Kwara_State
NG-KW,Kwara,2015,cycle,APC,2015,scheduled 2015 cycle election; seated at the 2015 cycle inauguration (late May); https://en.wikipedia.org/wiki/List_of_governors_of_Kwara_State
NG-KW,Kwara,2019,cycle,APC,2019,scheduled 2019 cycle election; seated at the 2019 cycle inauguration (late May); https://en.wikipedia.org/wiki/List_of_governors_of_Kwara_State
NG-LA,Lagos,1999,cycle,AD,1999,scheduled 1999 cycle election; seated at the 1999 cycle inauguration (late May); https://en.wikipedia.org/wiki/List_of_governors_of_Lagos_State
NG-LA,Lagos,2003,cycle,AD,2003,scheduled 2003 cycle election; seated at the 2003 cycle inauguration (late May); https://en.wikipedia.org/wiki/List_of_governors_of_Lagos_State
NG-LA,Lagos,2007,cycle,AC,2007,scheduled 2007 cycle election; seated at the 2007 cycle inauguration (late May); https://en.wikipedia.org/wiki/List_of_governors_of_Lagos_State
NG-LA,Lagos,2011,cycle,ACN,2011,scheduled 2011 cycle election; seated at the 2011 cycle inauguration (late May); https://en.wikipedia.org/wiki/List_of_governors_of_Lagos_State
NG-LA,Lagos,2015,cycle,APC,2015,scheduled 2015 cycle election; seated at the 2015 cycle inauguration (late May); https://en.wikipedia.org/wiki/List_of_governors_of_Lagos_State
NG-LA,Lagos,2019,cycle,APC,2019,scheduled 2019 cycle election; seated at the 2019 cycle inauguration (late May); https://en.wikipedia.org/wiki/List_of_governors_of_Lagos_State
NG-NA,Nasarawa,1999,cycle,PDP,1999,scheduled 1999 cycle election; seated at the 1999 cycle inauguration (late May); https://en.wikipedia.org/wiki/List_of_governors_of_Nasarawa_State
NG-NA,Nasarawa,2003,cycle,PDP,2003,scheduled 2003 cycle election; seated at the 2003 cycle inauguration (late May); https://en.wikipedia.org/wiki/List_of_governors_of_Nasarawa_State
NG-NA,Nasarawa,2007,cycle,PDP,2007,scheduled 2007 cycle election; seated at the 2007 cycle inauguration (late May); https://en.wikipedia.org/wiki/List_of_governors_of_Nasarawa_State
NG-NA,Nasarawa,2011,cycle,CPC,2011,scheduled 2011 cycle election; seated at the 2011 cycle inauguration (late May); https://en.wikipedia.org/wiki/List_of_governors_of_Nasarawa_State
NG-NA,Nasarawa,2015,cycle,APC,2015,scheduled 2015 cycle election; seated at the 2015 cycle inauguration (late May); https://en.wikipedia.org/wiki/List_of_governors_of_Nasarawa_State
NG-NA,Nasarawa,2019,cycle,APC,2019,scheduled 2019 cycle election; seated at the 2019 cycle inauguration (late May); https://en.wikipedia.org/wiki/List_of_governors_of_Nasarawa_State
NG-NI,Niger,1999,cycle,PDP,1999,scheduled 1999 cycle election; seated at the 1999 cycle inauguration (late May); https://en.wikipedia.org/wiki/List_of_governors_of_Niger_State
NG-NI,Niger,2003,cycle,PDP,2003,scheduled 2003 cycle election; seated at the 2003 cycle inauguration (late May); https://en.wikipedia.org/wiki/List_of_governors_of_Niger_State
NG-NI,Niger,2007,cycle,PDP,2007,scheduled 2007 cycle election; seated at the 2007 cycle inauguration (late May); https://en.wikipedia.org/wiki/List_of_governors_of_Niger_State
NG-NI,Niger,2011,cycle,PDP,2011,scheduled 2011 cycle election; seated at the 2011 cycle inauguration (late May); https://en.wikipedia.org/wiki/List_of_governors_of_Niger_State
NG-NI,Niger,2015,cycle,APC,2015,scheduled 2015 cycle election; seated at the 2015 cycle inauguration (late May); https://en.wikipedia.org/wiki/List_of_governors_of_Niger_State
NG-NI,Niger,2019,cycle,APC,2019,scheduled 2019 cycle election; seated at the 2019 cycle inauguration (late May); https://en.wikipedia.org/wiki/List_of_governors_of_Niger_State
NG-OG,Ogun,1999,cycle,AD,1999,scheduled 1999 cycle election; seated at the 1999 cycle inauguration (late May); https://en.wikipedia.org/wiki/List_of_governors_of_Ogun_State
NG-OG,Ogun,2003,cycle,PDP,2003,scheduled 2003 cycle election; seated at the 2003 cycle inauguration (late May); https://en.wikipedia.org/wiki/List_of_governors_of_Ogun_State
NG-OG,Ogun,2007,cycle,PDP,2007,scheduled 2007 cycle election; seated at the 2007 cycle inauguration (late May); https://en.wikipedia.org/wiki/List_of_governors_of_Ogun_State
NG-OG,Ogun,2011,cycle,ACN,2011,scheduled 2011 cycle election; seated at the 2011 cycle inauguration (late May); https://en.wikipedia.org/wiki/List_of_governors_of_Ogun_State
NG-OG,Ogun,2015,cycle,APC,2015,scheduled 2015 cycle election; seated at the 2015 cycle inauguration (late May); https://en.wikipedia.org/wiki/List_of_governors_of_Ogun_State
NG-OG,Ogun,2019,cycle,APC,2019,scheduled 2019 cycle election; seated at the 2019 cycle inauguration (late May); https://en.wikipedia.org/wiki/List_of_governors_of_Ogun_State
NG-ON,Ondo,1999,cycle,AD,1999,scheduled 1999 cycle election; seated at the 1999 cycle inauguration (late May); https://en.wikipedia.org/wiki/List_of_governors_of_Ondo_State
NG-ON,Ondo,2003,cycle,PDP,2003,scheduled 2003 cycle election; seated at the 2003 cycle inauguration (late May); https://en.wikipedia.org/wiki/List_of_governors_of_Ondo_State
NG-ON,Ondo,2007,cycle,PDP,2007,scheduled 2007 cycle election; seated at the 2007 cycle inauguration (late May); https://en.wikipedia.org/wiki/List_of_governors_of_Ondo_State
NG-ON,Ondo,2009,court,LP,2009,"Mimiko installed by Court of Appeal, took office 24 February 2009; https://en.wikipedia.org/wiki/List_of_governors_of_Ondo_State"
NG-ON,Ondo,2012,off-cycle,LP,2013,election 20 Oct 2012; Mimiko sworn in for 2nd term 24 Feb 2013; https://www.channelstv.com/2013/02/24/mimiko-sworn-in-for-second-term/amp/
NG-ON,Ondo,2016,off-cycle,APC,2017,Nov 2016 election; Akeredolu took office 24 February 2017; https://en.wikipedia.org/wiki/List_of_governors_of_Ondo_State
NG-ON,Ondo,2020,off-cycle,APC,2021,election 10 Oct 2020; Akeredolu sworn in for 2nd term 24 Feb 2021; https://en.wikipedia.org/wiki/2020_Ondo_State_gubernatorial_election
NG-OS,Osun,1999,cycle,AD,1999,scheduled 1999 cycle election; seated at the 1999 cycle inauguration (late May); https://en.wikipedia.org/wiki/List_of_governors_of_Osun_State
NG-OS,Osun,2003,cycle,PDP,2003,scheduled 2003 cycle election; seated at the 2003 cycle inauguration (late May); https://en.wikipedia.org/wiki/List_of_governors_of_Osun_State
NG-OS,Osun,2007,cycle,PDP,2007,scheduled 2007 cycle election; seated at the 2007 cycle inauguration (late May); https://en.wikipedia.org/wiki/List_of_governors_of_Osun_State
NG-OS,Osun,2010,court,ACN,2010,"Aregbesola installed by Court of Appeal, took office 27 November 2010; https://en.wikipedia.org/wiki/List_of_governors_of_Osun_State"
NG-OS,Osun,2014,off-cycle,APC,2014,election 9 Aug 2014; Aregbesola sworn in for 2nd term 27 Nov 2014; https://en.wikipedia.org/wiki/2014_Osun_State_gubernatorial_election
NG-OS,Osun,2018,off-cycle,APC,2018,Sept 2018 election; Oyetola took office 27 November 2018; https://en.wikipedia.org/wiki/List_of_governors_of_Osun_State
NG-OY,Oyo,1999,cycle,AD,1999,scheduled 1999 cycle election; seated at the 1999 cycle inauguration (late May); https://en.wikipedia.org/wiki/List_of_governors_of_Oyo_State
NG-OY,Oyo,2003,cycle,PDP,2003,scheduled 2003 cycle election; seated at the 2003 cycle inauguration (late May); https://en.wikipedia.org/wiki/List_of_governors_of_Oyo_State
NG-OY,Oyo,2007,cycle,PDP,2007,scheduled 2007 cycle election; seated at the 2007 cycle inauguration (late May); https://en.wikipedia.org/wiki/List_of_governors_of_Oyo_State
NG-OY,Oyo,2011,cycle,ACN,2011,scheduled 2011 cycle election; seated at the 2011 cycle inauguration (late May); https://en.wikipedia.org/wiki/List_of_governors_of_Oyo_State
NG-OY,Oyo,2015,cycle,APC,2015,scheduled 2015 cycle election; seated at the 2015 cycle inauguration (late May); https://en.wikipedia.org/wiki/List_of_governors_of_Oyo_State
NG-OY,Oyo,2019,cycle,PDP,2019,scheduled 2019 cycle election; seated at the 2019 cycle inauguration (late May); https://en.wikipedia.org/wiki/List_of_governors_of_Oyo_State
NG-PL,Plateau,1999,cycle,PDP,1999,scheduled 1999 cycle election; seated at the 1999 cycle inauguration (late May); https://en.wikipedia.org/wiki/List_of_governors_of_Plateau_State
NG-PL,Plateau,2003,cycle,PDP,2003,scheduled 2003 cycle election; seated at the 2003 cycle inauguration (late May); https://en.wikipedia.org/wiki/List_of_governors_of_Plateau_State
NG-PL,Plateau,2007,cycle,PDP,2007,scheduled 2007 cycle election; seated at the 2007 cycle inauguration (late May); https://en.wikipedia.org/wiki/List_of_governors_of_Plateau_State
NG-PL,Plateau,2011,cycle,PDP,2011,scheduled 2011 cycle election; seated at the 2011 cycle inauguration (late May); https://en.wikipedia.org/wiki/List_of_governors_of_Plateau_State
NG-PL,Plateau,2015,cycle,APC,2015,scheduled 2015 cycle election; seated at the 2015 cycle inauguration (late May); https://en.wikipedia.org/wiki/List_of_governors_of_Plateau_State
NG-PL,Plateau,2019,cycle,APC,2019,scheduled 2019 cycle election; seated at the 2019 cycle inauguration (late May); https://en.wikipedia.org/wiki/List_of_governors_of_Plateau_State
NG-RI,Rivers,1999,cycle,PDP,1999,scheduled 1999 cycle election; seated at the 1999 cycle inauguration (late May); https://en.wikipedia.org/wiki/List_of_governors_of_Rivers_State
NG-RI,Rivers,2003,cycle,PDP,2003,scheduled 2003 cycle election; seated at the 2003 cycle inauguration (late May); https://en.wikipedia.org/wiki/List_of_governors_of_Rivers_State
NG-RI,Rivers,2007,cycle,PDP,2007,scheduled 2007 cycle election; seated at the 2007 cycle inauguration (late May); https://en.wikipedia.org/wiki/List_of_governors_of_Rivers_State
NG-RI,Rivers,2007,court,PDP,2007,"Supreme Court (25 Oct 2007) installed Amaechi, sworn in 26 Oct 2007; https://www.premiumtimesng.com/news/top-news/681078-omehia-not-former-governor-of-rivers-court.html ; https://saharareporters.com/2007/10/26/breaking-news-rivers-statesupreme-court-rules-favor-rotimi-amaechi"
NG-RI,Rivers,2011,cycle,PDP,2011,scheduled 2011 cycle election; seated at the 2011 cycle inauguration (late May); https://en.wikipedia.org/wiki/List_of_governors_of_Rivers_State
NG-RI,Rivers,2015,cycle,PDP,2015,scheduled 2015 cycle election; seated at the 2015 cycle inauguration (late May); https://en.wikipedia.org/wiki/List_of_governors_of_Rivers_State
NG-RI,Rivers,2019,cycle,PDP,2019,scheduled 2019 cycle election; seated at the 2019 cycle inauguration (late May); https://en.wikipedia.org/wiki/List_of_governors_of_Rivers_State
NG-SO,Sokoto,1999,cycle,APP,1999,scheduled 1999 cycle election; seated at the 1999 cycle inauguration (late May); https://en.wikipedia.org/wiki/List_of_governors_of_Sokoto_State
NG-SO,Sokoto,2003,cycle,ANPP,2003,scheduled 2003 cycle election; seated at the 2003 cycle inauguration (late May); https://en.wikipedia.org/wiki/List_of_governors_of_Sokoto_State
NG-SO,Sokoto,2007,cycle,PDP,2007,scheduled 2007 cycle election; seated at the 2007 cycle inauguration (late May); https://en.wikipedia.org/wiki/List_of_governors_of_Sokoto_State
NG-SO,Sokoto,2008,rerun,PDP,2008,Wamakko returned 28 May 2008 after re-run; https://en.wikipedia.org/wiki/List_of_governors_of_Sokoto_State
NG-SO,Sokoto,2012,off-cycle,PDP,2012,election 18 Feb 2012; Wamakko took office for new term 28 May 2012; https://en.wikipedia.org/wiki/2012_Sokoto_State_gubernatorial_election ; https://en.wikipedia.org/wiki/List_of_governors_of_Sokoto_State
NG-SO,Sokoto,2015,cycle,APC,2015,scheduled 2015 cycle election; seated at the 2015 cycle inauguration (late May); https://en.wikipedia.org/wiki/List_of_governors_of_Sokoto_State
NG-SO,Sokoto,2019,cycle,PDP,2019,scheduled 2019 cycle election; seated at the 2019 cycle inauguration (late May); https://en.wikipedia.org/wiki/List_of_governors_of_Sokoto_State
NG-TA,Taraba,1999,cycle,PDP,1999,scheduled 1999 cycle election; seated at the 1999 cycle inauguration (late May); https://en.wikipedia.org/wiki/List_of_governors_of_Taraba_State
NG-TA,Taraba,2003,cycle,PDP,2003,scheduled 2003 cycle election; seated at the 2003 cycle inauguration (late May); https://en.wikipedia.org/wiki/List_of_governors_of_Taraba_State
NG-TA,Taraba,2007,cycle,PDP,2007,scheduled 2007 cycle election; seated at the 2007 cycle inauguration (late May); https://en.wikipedia.org/wiki/List_of_governors_of_Taraba_State
NG-TA,Taraba,2011,cycle,PDP,2011,scheduled 2011 cycle election; seated at the 2011 cycle inauguration (late May); https://en.wikipedia.org/wiki/List_of_governors_of_Taraba_State
NG-TA,Taraba,2015,cycle,PDP,2015,scheduled 2015 cycle election; seated at the 2015 cycle inauguration (late May); https://en.wikipedia.org/wiki/List_of_governors_of_Taraba_State
NG-TA,Taraba,2019,cycle,PDP,2019,scheduled 2019 cycle election; seated at the 2019 cycle inauguration (late May); https://en.wikipedia.org/wiki/List_of_governors_of_Taraba_State
NG-YO,Yobe,1999,cycle,APP,1999,scheduled 1999 cycle election; seated at the 1999 cycle inauguration (late May); https://en.wikipedia.org/wiki/List_of_governors_of_Yobe_State
NG-YO,Yobe,2003,cycle,ANPP,2003,scheduled 2003 cycle election; seated at the 2003 cycle inauguration (late May); https://en.wikipedia.org/wiki/List_of_governors_of_Yobe_State
NG-YO,Yobe,2007,cycle,ANPP,2007,scheduled 2007 cycle election; seated at the 2007 cycle inauguration (late May); https://en.wikipedia.org/wiki/List_of_governors_of_Yobe_State
NG-YO,Yobe,2011,cycle,ANPP,2011,scheduled 2011 cycle election; seated at the 2011 cycle inauguration (late May); https://en.wikipedia.org/wiki/List_of_governors_of_Yobe_State
NG-YO,Yobe,2015,cycle,APC,2015,scheduled 2015 cycle election; seated at the 2015 cycle inauguration (late May); https://en.wikipedia.org/wiki/List_of_governors_of_Yobe_State
NG-YO,Yobe,2019,cycle,APC,2019,scheduled 2019 cycle election; seated at the 2019 cycle inauguration (late May); https://en.wikipedia.org/wiki/List_of_governors_of_Yobe_State
NG-ZA,Zamfara,1999,cycle,APP,1999,scheduled 1999 cycle election; seated at the 1999 cycle inauguration (late May); https://en.wikipedia.org/wiki/List_of_governors_of_Zamfara_State
NG-ZA,Zamfara,2003,cycle,ANPP,2003,scheduled 2003 cycle election; seated at the 2003 cycle inauguration (late May); https://en.wikipedia.org/wiki/List_of_governors_of_Zamfara_State
NG-ZA,Zamfara,2007,cycle,ANPP,2007,scheduled 2007 cycle election; seated at the 2007 cycle inauguration (late May); https://en.wikipedia.org/wiki/List_of_governors_of_Zamfara_State
NG-ZA,Zamfara,2011,cycle,ANPP,2011,scheduled 2011 cycle election; seated at the 2011 cycle inauguration (late May); https://en.wikipedia.org/wiki/List_of_governors_of_Zamfara_State
NG-ZA,Zamfara,2015,cycle,APC,2015,scheduled 2015 cycle election; seated at the 2015 cycle inauguration (late May); https://en.wikipedia.org/wiki/List_of_governors_of_Zamfara_State
NG-ZA,Zamfara,2019,cycle,PDP,2019,scheduled 2019 cycle election; seated at the 2019 cycle inauguration (late May); https://en.wikipedia.org/wiki/List_of_governors_of_Zamfara_State
