pcode,state,dom_party,events_n,mode_detail,win_years
NG-AB,Abia,PDP,6,PDP 5/6,"1999,2003,2011,2015,2019"
NG-AD,Adamawa,PDP,7,PDP 6/7,"1999,2003,2007,2008,2012,2019"
NG-AK,Akwa Ibom,PDP,6,PDP 6/6,"1999,2003,2007,2011,2015,2019"
NG-AN,Anambra,APGA,8,APGA 5/8,"2006,2010,2013,2017,2021"
NG-BA,Bauchi,PDP,6,PDP 4/6,"1999,2003,2011,2019"
NG-BY,Bayelsa,PDP,7,PDP 7/7,"1999,2003,2007,2008,2012,2016,2019"
NG-BE,Benue,PDP,6,PDP 5/6,"1999,2003,2007,2011,2019"
NG-BO,Borno,ANPP,6,ANPP 3/6,"2003,2007,2011"
NG-CR,Cross River,PDP,7,PDP 7/7,"1999,2003,2007,2008,2012,2015,2019"
NG-DE,Delta,PDP,7,PDP 7/7,"1999,2003,2007,2011,2015,2019"
NG-EB,Ebonyi,PDP,6,PDP 6/6,"1999,2003,2007,2011,2015,2019"
NG-ED,Edo,PDP,7,PDP 4/7,"1999,2003,2007,2020"
NG-EK,Ekiti,PDP,7,PDP 4/7,"2003,2007,2009,2014"
NG-EN,Enugu,PDP,6,PDP 6/6,"1999,2003,2007,2011,2015,2019"
NG-FC,FCT,—,0,no elected governor (minister-appointed),
NG-GO,Gombe,PDP,6,PDP 4/6,"2003,2007,2011,2015"
NG-IM,Imo,PDP,7,PDP 3/7,"1999,2003,2019"
NG-JI,Jigawa,PDP/APC,6,PDP 2/6 + APC 2/6 (tie),"PDP:2007,2011|APC:2015,2019"
NG-KD,Kaduna,PDP,6,PDP 4/6,"1999,2003,2007,2011"
NG-KN,Kano,PDP/ANPP/APC,6,PDP 2/6 + ANPP 2/6 + APC 2/6 (3-way tie),"PDP:1999,2011|ANPP:2003,2007|APC:2015,2019"
NG-KT,Katsina,PDP,6,PDP 4/6,"1999,2003,2007,2011"
NG-KE,Kebbi,PDP,7,PDP 3/7,"2007,2011,2012"
NG-KO,Kogi,PDP,7,PDP 4/7,"2003,2007,2008,2011"
NG-KW,Kwara,PDP,6,PDP 3/6,"2003,2007,2011"
NG-LA,Lagos,AD/APC,6,AD 2/6 + APC 2/6 (tie),"AD:1999,2003|APC:2015,2019"
NG-NA,Nasarawa,PDP,6,PDP 3/6,"1999,2003,2007"
NG-NI,Niger,PDP,6,PDP 4/6,"1999,2003,2007,2011"
NG-OG,Ogun,PDP/APC,6,PDP 2/6 + APC 2/6 (tie),"PDP:2003,2007|APC:2015,2019"
NG-ON,Ondo,PDP/LP/APC,7,PDP 2/7 + LP 2/7 + APC 2/7 (3-way tie),"PDP:2003,2007|LP:2009,2012|APC:2016,2020"
NG-OS,Osun,PDP/APC,6,PDP 2/6 + APC 2/6 (tie),"PDP:2003,2007|APC:2014,2018"
NG-OY,Oyo,PDP,6,PDP 3/6,"2003,2007,2019"
NG-PL,Plateau,PDP,6,PDP 4/6,"1999,2003,2007,2011"
NG-RI,Rivers,PDP,7,PDP 7/7,"1999,2003,2007,2011,2015,2019"
NG-SO,Sokoto,PDP,7,PDP 4/7,"2007,2008,2012,2019"
NG-TA,Taraba,PDP,6,PDP 6/6,"1999,2003,2007,2011,2015,2019"
NG-YO,Yobe,ANPP,6,ANPP 3/6,"2003,2007,2011"
NG-ZA,Zamfara,ANPP,6,ANPP 3/6,"2003,2007,2011"
