pcode,capital,lat,lon
NG-AB,Umuahia,5.5249,7.4946
NG-AD,Yola,9.2084,12.4815
NG-AK,Uyo,5.0513,7.9335
NG-AN,Awka,6.2127,7.0720
NG-BA,Bauchi,10.3103,9.8439
NG-BE,Makurdi,7.7337,8.5214
NG-BO,Maiduguri,11.8469,13.1571
NG-BY,Yenagoa,4.9268,6.2676
NG-CR,Calabar,4.9589,8.3270
NG-DE,Asaba,6.1982,6.7319
NG-EB,Abakaliki,6.3248,8.1137
NG-ED,Benin City,6.3381,5.6258
NG-EK,Ado-Ekiti,7.6233,5.2209
NG-EN,Enugu,6.4413,7.4988
NG-FC,Abuja,9.0579,7.4951
NG-GO,Gombe,10.2897,11.1673
NG-IM,Owerri,5.4836,7.0332
NG-JI,Dutse,11.7562,9.3390
NG-KD,Kaduna,10.5264,7.4388
NG-KE,Birnin Kebbi,12.4539,4.1975
NG-KN,Kano,12.0001,8.5167
NG-KO,Lokoja,7.7969,6.7405
NG-KT,Katsina,12.9908,7.6018
NG-KW,Ilorin,8.4966,4.5421
NG-LA,Ikeja,6.5965,3.3420
NG-NA,Lafia,8.4939,8.5153
NG-NI,Minna,9.6152,6.5478
NG-OG,Abeokuta,7.1557,3.3451
NG-ON,Akure,7.2526,5.1931
NG-OS,Osogbo,7.7710,4.5570
NG-OY,Ibadan,7.3776,3.9059
NG-PL,Jos,9.9285,8.8921
NG-RI,Port Harcourt,4.7774,7.0134
NG-SO,Sokoto,13.0627,5.2432
NG-TA,Jalingo,8.8937,11.3596
NG-YO,Damaturu,11.7470,11.9608
NG-ZA,Gusau,12.1702,6.6641
